pc_1,pc_2,pc_3,pc_4,pc_5,pc_6,pc_7,pc_8,label
1.626604129217257971e-02,-7.233939642952152971e-02,1.561374258725615159e-02,2.441489400507462076e-02,5.928356623776286777e-02,-6.632803590349994893e-02,9.742080916965752124e-02,4.277922342880043083e-02,0
-1.154077590216437063e-02,6.936077480587528321e-02,4.689667665011825609e-02,-8.422223748087325976e-03,9.645388904080769155e-02,-2.966141746628822226e-02,3.966721856758361614e-02,-3.475270985487371317e-02,0
-2.088593442744184070e-02,1.405732207574081905e-01,-4.423161346973039643e-02,3.094892490472788901e-02,2.790584454872219178e-02,-5.876574450995695510e-03,2.059332995659567817e-02,-8.426284800784275553e-02,0
-4.240930941802627252e-02,-3.749181675100304173e-02,7.532945901263402022e-02,9.169446021482791087e-02,-5.121545095630639088e-02,4.177395801988936092e-02,-2.242683564449262593e-03,-4.486917810759474823e-02,0
-7.629518623499646768e-02,-9.775106477243604430e-02,-5.498352941872860361e-02,-9.342806120348350063e-02,-4.693024382195851857e-02,1.106186379165869926e-01,3.188350344563715272e-02,-5.785002555430282523e-03,0
-8.767610958126881293e-02,-1.035031862490338106e-03,6.404874722956867272e-02,2.817447779757378465e-02,-4.564877461359502508e-02,4.078788393966104736e-02,-1.228219238567049426e-01,2.330269060808967327e-02,0
-1.215110467609440276e-01,5.282378593103930625e-02,1.890807590941981919e-01,-7.629735817480251536e-02,8.713911026947233907e-03,-3.826595156066304321e-02,3.723033486951150828e-02,2.468066685364209492e-03,0
-3.355673401442109405e-02,7.683868007916391796e-02,3.127208908264757919e-02,-7.775422780248303356e-02,1.721536264647283501e-02,3.488336373494328735e-02,9.635467475447719032e-02,-5.242590823076476170e-02,0
1.648325265759175914e-02,2.618345663156747272e-02,-5.857777434010297962e-02,-1.601592087980270585e-01,-1.408952059204922891e-01,-5.030317512282637959e-02,2.874211233666306570e-02,-1.911829857739714977e-02,0
-1.133302633778359159e-01,-2.954765953174340667e-02,1.578477731361658740e-02,6.230296550498923974e-02,-7.094994793415295570e-03,-8.647927070971944685e-02,-6.900689620177377984e-03,-2.502934180830848274e-02,0
1.273280445900364100e-01,2.225948010224757662e-02,1.176977369915759714e-01,6.599497777147490807e-02,-4.066924603940121064e-02,2.724324521942762811e-02,-3.034046317038861188e-03,1.246766192600091798e-02,0
8.963148080578359211e-02,1.203732418114223379e-01,4.088243746068308260e-02,-3.762609736102474206e-02,3.058874104675521691e-02,2.965273543001014853e-03,-1.551768085919367872e-02,1.122215598700540690e-01,0
3.230738966280131963e-02,-1.507199154288095255e-01,9.286469569199391066e-03,-9.471482292146110940e-03,-5.466372239854221798e-02,5.495578344921196040e-02,-3.814664610508344128e-02,-8.482783739723553929e-02,0
-4.299092165177277602e-02,-1.150041370232586652e-01,-9.083956864980197166e-02,2.410582453651283555e-02,2.162839085358455593e-01,-3.537392173830741088e-02,9.414939418880961808e-03,-3.666235864955303542e-02,0
-8.613604815665251713e-02,-5.540967198694087686e-02,-2.429023024370534876e-03,-4.705175945223125100e-02,-3.788411493117023465e-02,3.679139041217092260e-02,2.096808115858749336e-02,5.071436169045698272e-02,0
-1.261400004843145073e-01,-6.218146456043410764e-02,4.074026462608926202e-02,-4.990632940353098568e-02,4.155129159863252437e-03,8.640678457405026602e-02,6.023299088734093004e-02,6.704607309989191188e-02,0
-6.276046643298231753e-02,1.949126692461180047e-02,-2.676977991350354760e-03,6.897695950771617381e-03,8.898519780172269369e-03,2.888871154846561762e-02,1.294432672189427813e-01,-3.326119322818781032e-02,0
6.235531352123946380e-02,-2.263749172341933055e-02,-2.741227338913568637e-02,3.901262642206407283e-02,-1.805341379306787952e-02,1.293748639403802803e-01,-3.687107619672167630e-02,-2.192475910786300872e-02,0
4.096488968725656848e-02,-1.028618053083283912e-01,5.364561044867486445e-02,9.764007847114883343e-02,1.060410058535482258e-01,4.941866078572214327e-02,-6.211193026754791013e-02,6.369066147873883588e-02,0
7.249365073778792079e-02,8.395405925817038539e-02,-1.467544532396340175e-02,-7.659186718391526073e-03,6.422929313797418049e-02,-1.071419821063786387e-01,-4.223774011291896863e-02,4.732268300633237640e-02,0
5.946440274363866407e-02,4.566111906969582551e-02,-7.201290165193666160e-02,-1.402390489313238946e-02,1.974868796778172716e-02,-8.887714882100326841e-02,-3.736511927131350858e-02,5.790632258578639474e-02,0
-9.427724530393473412e-02,-3.141612676564119189e-02,9.832234347186853685e-02,-8.111223301516784501e-02,1.164419177072826932e-02,-6.084543010635069110e-02,8.814743851308370903e-02,-2.548787774039498744e-02,0
5.793328549811338490e-02,8.547315404100627734e-02,-6.360657404786076996e-02,5.123930852499197774e-02,7.020684273232254136e-02,1.926799896251761221e-02,9.928680581150753359e-02,7.941185850337498242e-02,0
-2.607089701005685725e-03,-6.461851761325806444e-03,-1.133846481299059933e-01,-1.399627741548356216e-02,3.012590356054597324e-02,4.495449013680951483e-02,-2.580517142387446505e-03,-3.949704072341608113e-02,0
-7.352021664248098443e-02,-3.468178442862483724e-02,-7.013169046006040297e-02,-2.677270313423359138e-02,-8.646065624539657490e-03,4.823946431357443304e-02,-1.816139782078141779e-02,-9.485024275325477927e-02,0
2.576663065482481460e-02,1.331467781239437098e-01,-1.158777088763040392e-01,5.101812824446035587e-03,-9.312202870993420423e-02,8.431248514382936113e-03,-2.046298302459757107e-02,-2.392893419284715384e-02,0
1.164958285796675597e-01,6.443129961653204507e-02,-2.224341021631042956e-02,-7.052030763042857475e-02,-7.460977692152566398e-02,2.904658777153110508e-02,1.335850628164295117e-01,5.552739554771229935e-02,0
-1.940895975518060756e-01,-8.403982999307797741e-02,3.088544373357179906e-02,-7.126112730249144211e-02,-3.750305443650007314e-02,2.741538437327757302e-02,3.696075505434837788e-02,-1.333619717624288659e-01,0
1.007814328893718303e-01,-1.026812491079970302e-01,9.743085207108144463e-02,6.074940634447045101e-02,1.425256548616700251e-02,5.107611390147604596e-02,5.880812496888494778e-02,-5.455502484369688376e-02,0
4.627968830709959513e-02,-6.720031755927642625e-02,8.540799297803786105e-02,6.877605424725687089e-02,3.340325774472177600e-02,-4.278450601450741603e-02,7.667347713865083070e-02,-1.325356108303347713e-01,0
-2.731177464764070889e-02,-4.006689621445570088e-02,-3.564867476572027277e-03,3.543133158626580038e-04,-1.281968737449542262e-01,-6.595330165794530131e-02,1.971563046757866637e-03,7.108061783854804916e-02,0
3.107653835243274695e-02,1.410953421044782996e-01,-1.056224943668715582e-01,-8.212007994131834132e-02,-1.878182741808277073e-02,8.994227253832358382e-03,9.104497306774174403e-02,-6.997555884944359206e-02,0
-1.075929801306706179e-02,-1.177300895209752035e-01,-1.967502188449338912e-02,1.825307538687103923e-02,-1.443736426807560869e-01,-1.155161946510418168e-02,6.592437362213607321e-02,5.584679205134942398e-02,0
-9.086706325218362607e-03,-5.294276012012879423e-02,6.336853831825516037e-02,-3.368790184832071155e-02,-9.329332910757266728e-02,-7.463163220250143559e-02,-4.976337389402560318e-02,5.902780461692559016e-02,0
-1.119166121747498382e-01,-4.752067151258890926e-02,-5.417177565480006673e-02,7.604526555839669077e-02,4.577273767238952684e-02,-9.855069545603896419e-02,6.878702006340310648e-02,-4.225929096985973216e-02,0
6.449895172656260577e-03,-7.171508445230517781e-02,1.433266295845423144e-01,2.638957608302883867e-02,-8.747827493512033703e-02,-5.680624593405923101e-02,-8.390263518263291198e-02,-3.374773602339115747e-02,0
1.693076836324144616e-02,5.352257984859532490e-03,7.395548301347203320e-03,-3.951957011903135114e-02,7.526074908025152943e-02,-2.157932832211711602e-02,2.443638129103495663e-02,1.900247067904556331e-02,0
4.309748233574745013e-02,4.067703000614059788e-02,-1.520015296915378476e-02,5.059781755584456808e-02,5.155190208389860695e-02,1.930792676064085889e-02,4.571016928779313149e-02,7.629134877037480923e-03,0
4.130236062525235313e-02,-1.130649016403377227e-01,-2.900717856663317940e-02,-1.166019551405434763e-02,4.596830003476563148e-02,1.191786782905320530e-01,4.825942315020081280e-02,-2.948357284090956029e-02,0
-4.145895561157851225e-03,6.107531984204778858e-02,-9.072256616348797764e-02,-8.527970214664526427e-02,-2.745685771685038579e-02,1.652437685277460475e-02,-4.141153841034620614e-02,1.801044908527141448e-03,0
2.924180469053542391e-04,1.931211841291973971e-02,2.256347968212404562e-02,5.724207025641602636e-02,-1.456258774383529511e-03,4.355276313960219220e-02,5.736119234332102794e-03,-1.227722681590706459e-02,0
-6.776806950520793127e-02,1.384983303842522023e-02,7.555177031386862974e-02,-4.510002075930352218e-03,3.289984921488003922e-02,-1.889844364507486940e-02,7.314205866372301690e-02,1.999173883355816542e-02,0
6.245937046990859137e-02,-2.569249388273892390e-02,2.170307259915894849e-02,2.532091339624775381e-02,-1.787569763686418928e-02,-9.115665263412624231e-02,-3.605823534750079301e-02,-1.613878894651315371e-02,0
1.013692999555982667e-02,-6.015523200912708396e-02,7.677317188464619253e-03,1.520808181631063717e-02,2.332736724989508195e-02,-3.182420953412776199e-02,-1.497563931772136203e-01,-1.213408930558603493e-01,0
-4.089028247373962220e-03,9.251473295964231930e-03,9.715578486606339659e-02,-2.834786632174065776e-02,7.221888579665701816e-03,9.245044618256455238e-02,1.056318112011349897e-01,3.867888226972353988e-02,0
-1.190164787918517320e-01,4.644505426571068907e-02,1.736312016434652305e-03,2.900101967030368696e-02,1.954885797572807060e-02,4.839318250569832336e-02,7.641260361847106164e-02,6.711949217081460140e-02,0
-1.431504825611753552e-02,9.585506756376527271e-02,1.052851794578200245e-01,-5.481389683338598606e-02,1.321913799059297630e-02,-6.464143821024968817e-02,-7.955774595910991565e-02,2.451790677003529845e-02,0
-1.153667616898511328e-02,-3.011522600759561699e-02,-7.367170268989248205e-02,8.213406245904224245e-02,4.555396809458259200e-02,-1.018602301112707942e-01,1.978527398130122683e-02,8.465813703545680899e-04,0
3.510873794524298208e-02,-1.038322000119474842e-01,-4.391933406177486038e-02,-1.019128450661482554e-01,-6.617413877720001655e-03,5.768238330207409170e-02,1.293995133314996236e-02,1.338960099081492119e-02,0
-1.427805580976762856e-01,5.362120228517475509e-03,-9.032365603429264034e-02,-2.161071491615901632e-02,-4.856725749744721099e-02,3.529557438392200153e-02,-1.111355646373540645e-01,-4.098159037217390804e-02,0
1.899842380981250217e-02,1.916910436101973425e-02,-8.731027451965040626e-03,1.584572936235923435e-01,7.773598065710930760e-02,-2.852110601144178942e-02,3.343408067215908330e-02,-8.246028385216870593e-02,0
-1.487005699978492801e-01,-6.507247101651145171e-02,-1.970691444604053336e-02,-1.309385363767602561e-02,9.087623116895064690e-02,-8.676101181005697882e-02,-2.064623090280244197e-02,-1.307276378204341727e-01,0
-8.876961849071206626e-03,-2.004628873432961200e-01,6.292607080065638903e-02,-1.042494638319902828e-01,1.166406232411894561e-01,-1.564493345937729984e-02,4.531424299134905256e-03,-6.122548246398239712e-03,0
-3.314173209313733826e-02,7.366926270450083192e-02,-1.829025713312475154e-02,-1.100769076260658536e-01,1.733111812248603473e-02,-2.102330702783617930e-02,-9.431854290315688782e-02,2.582915155236056165e-02,0
-1.834075742143866927e-01,-3.811403120668075545e-02,3.316208597838989774e-02,-3.274632434795070324e-02,9.953462205914638040e-05,4.554824020297247589e-02,-5.501981117309474173e-02,-5.764196918838141587e-02,0
-7.806379852438290190e-02,-5.150430354893076844e-03,1.309142702640573100e-02,-4.850015246457836833e-03,3.099937584258077861e-02,2.039113573271256197e-02,2.915076108249625361e-02,9.022261022555532264e-03,0
6.505540846389373799e-02,-1.011696902762333067e-01,9.231118905541742248e-02,8.544399392785252678e-02,-5.994560760447890935e-02,-1.069050470204901265e-01,2.347360816292079835e-02,3.035085896249034576e-02,0
1.432027417941399983e-01,-6.220224745389573567e-02,8.171614571089572121e-02,-3.274286810979711027e-02,-2.172219374830122382e-02,1.700494684657040748e-02,7.244092464664007858e-02,-7.854963224828449830e-02,0
3.488995947808553461e-02,6.409169706205052053e-02,-1.078928982123916747e-01,6.697746702243088934e-02,-8.839370731111946544e-02,-3.443884546778443190e-02,-1.604731135473325826e-02,-2.233523410232104989e-02,0
-1.627760423815827195e-02,-3.152957513812785790e-03,-2.939393336898304607e-03,3.888753929837866080e-02,-3.472931681644173679e-02,-3.765579828351177383e-02,-9.882457948644637891e-02,1.832395515481986120e-02,0
-2.676808669284905934e-02,3.428285461052841404e-02,3.514606081339215204e-02,-1.273906029937197093e-01,-4.159510837718508741e-02,-3.720943190092308034e-02,1.041733906319440746e-02,-1.982722191966059672e-02,0
1.226889094182049070e-02,4.364570827415676507e-02,-1.276216734533414388e-01,1.452184465936068834e-02,-1.314862413496080407e-02,8.399601997262176947e-03,4.057985364990048666e-02,1.139068052306739520e-02,0
4.418527226033039379e-02,-3.570390467619239533e-02,8.919754553933957608e-02,-7.727126030712502813e-03,1.410102419372946392e-01,-1.447389299441954602e-01,5.059819406691220406e-02,1.026634197613854153e-02,0
3.237808822859582214e-02,-4.689774029700682217e-02,5.915260717537063756e-02,5.010707392578150204e-02,-3.040372319022811506e-02,2.581893750802290860e-02,-1.154741641327895335e-01,-1.514852074385398539e-01,0
-1.221831195602813142e-01,1.082844863509787453e-01,-2.686994214920301882e-02,9.212157127887497798e-02,-3.329540115049435013e-03,-5.355367155086878522e-02,-8.708048379153964652e-03,4.771734460187616877e-02,0
-5.087242303337838334e-02,-1.193907393428096653e-01,4.125179284302030874e-02,2.541490893009281521e-02,-2.091065755059628647e-02,7.501873030305049317e-02,1.378429273831978223e-04,-5.243486773910258775e-02,0
6.085275623961809710e-02,-2.613542164508901242e-02,-3.227807142747936286e-02,-1.394103714762712776e-01,-9.722607904503029197e-02,2.459191372283174234e-02,6.022635429876592797e-03,4.227996158626178697e-02,0
3.951938773024291779e-02,-5.518667672476867958e-02,-4.655775885574289091e-02,-6.001747232066996507e-02,-5.475479014606301088e-04,1.213537291447410772e-02,7.929129323720061906e-02,-7.989504187355592202e-02,0
7.755207539542467721e-02,5.715748200257882161e-02,7.540374818966884274e-02,4.684195651071383637e-02,-8.555062158606234479e-02,6.210145655288377975e-02,-1.312317565407093885e-02,-5.633627458243236491e-02,0
-2.942743938430284964e-02,-6.017048100508936431e-02,3.268226154343061018e-02,1.156884239143148446e-01,-1.024915449322460204e-01,-1.039467910716905946e-01,-1.104106331121817719e-01,-5.408414035400687520e-02,0
5.928437570953634661e-02,1.547209396071597999e-02,6.699956108164623059e-02,-5.313003364097959591e-02,-4.897823637741186183e-03,-7.216900193351558079e-02,-2.757310278420013056e-02,5.518498097200335434e-02,0
-9.137670912153100788e-02,-7.982806680244776409e-02,-9.687312268809013249e-02,1.418594066486233811e-02,-7.138204959905755653e-02,1.118069780815912767e-01,-2.820694320679993650e-02,4.862675017543920813e-02,0
5.262657056073237645e-03,1.417727980153413725e-01,4.223023238070362784e-02,-5.768615963901734672e-02,-5.639956241656728791e-02,6.894958940658653390e-02,3.092985104733500870e-02,-2.795501443623321647e-02,0
5.038414012704224565e-02,-1.540759164716160867e-01,2.203172093298289436e-03,-3.398517213468615211e-02,6.248689493196468714e-02,8.467467838206493846e-02,8.223328432285414991e-02,6.219803611202814192e-02,0
1.171864737608035133e-02,5.207322021193039330e-02,-1.151279876768444843e-01,2.665898314801761967e-02,1.414654697624653096e-02,-6.933379301067511824e-02,2.800027330410898713e-02,7.614631416102314587e-02,0
-7.265568968844099418e-02,4.268561453996523591e-02,-2.964606721442373735e-02,-6.011138257066757362e-02,2.490308171058297840e-02,1.938930423013200677e-02,2.338557519815981020e-02,-4.090400112015645136e-03,0
3.747609470294616107e-02,3.409821518709962840e-04,8.179819888665851302e-02,4.600786459357816827e-02,2.621518105760410611e-03,3.717031317870939100e-02,9.576961764628767748e-02,4.008856021958355498e-02,0
1.250108201282254805e-01,8.459605527232783029e-02,4.912367132142160010e-03,-1.048771043300510686e-01,1.189507286267173919e-02,-3.611095247033705574e-02,-2.661394203473267314e-02,7.925744920215896383e-02,0
-1.085199210904945477e-01,7.101350030989195261e-02,7.205675112025167195e-02,2.111381929923654768e-02,-2.155404823696365282e-02,5.768859335051773965e-03,5.278757527609104910e-02,-4.214547355954374047e-02,0
5.545115500507113993e-02,8.925757337898743149e-03,-3.215513157136677680e-02,9.164660211716828264e-02,-9.032562724338330518e-02,5.635303819206316511e-02,8.620594981090658887e-03,-3.833592479918659923e-02,0
2.349350661336405827e-02,-6.635153303817528658e-02,4.526650334251024546e-03,1.681399995099147962e-02,-3.320617216078999845e-02,-5.573051184866924593e-03,-1.143783293933675616e-01,1.424367616791171257e-02,0
-4.382386049868203237e-02,-5.503496646765576941e-03,-5.074006993247833636e-02,1.100398004651406553e-01,-4.705231429161970541e-02,5.571468705634047280e-02,1.229687559972390404e-01,1.082986352325572693e-01,0
-6.635124742875825321e-02,-3.880649582320453567e-02,-1.471488791071727531e-01,3.950233205272069698e-02,-7.355072204047280460e-02,-9.880290660418565574e-02,1.866286527738655540e-02,-1.359289460957414063e-02,0
-5.852479208635018304e-02,6.906326733702418397e-02,-1.213787774092287691e-02,3.132490143159932794e-02,1.044349557595079109e-01,1.123262591665088184e-01,2.922941344919685602e-02,-1.110330355392588619e-01,0
8.188028238543364201e-02,-9.366466324744823768e-02,-6.344806885259115722e-03,-8.290283605794464272e-02,-4.489337183621373156e-02,3.958785892656675742e-02,1.026763953468208257e-01,-4.469421331453667795e-02,0
7.383074940995694446e-02,1.390596353807378900e-02,-7.833539946727914594e-02,-1.185417618430347798e-02,-2.756094282495908862e-02,1.416926275751929365e-01,8.479550251362376334e-02,9.594318878066505907e-02,0
-3.356714629737016231e-02,1.185637149589193057e-01,4.019956427860511827e-02,3.452813592008249777e-02,2.332651056363274633e-02,6.624172413032460016e-02,4.312056326958031705e-02,-1.470781842669709009e-02,0
-8.185737150828507891e-02,3.985747246886639505e-02,-8.073717636942068232e-02,7.367742123239977292e-02,-1.072800009638451985e-02,5.757069871052940269e-02,-1.350057109141124083e-02,-5.144551396996098133e-03,0
6.532153523725623377e-03,1.082726286170647007e-01,8.037274849122014175e-02,7.211418045705027258e-03,5.185868720743688071e-02,-1.220431603108631212e-02,-7.517311876158781769e-02,-5.378840296341843435e-02,0
-9.684848228810105653e-02,8.712557232469756233e-03,3.247143946188911501e-02,9.093707759287232573e-02,-9.021446147350857536e-02,4.090463111702894589e-02,6.095161307216461453e-03,-4.332532981543496531e-02,0
3.252563068228436771e-02,-2.127700016773171124e-02,4.957059310776482097e-02,1.472266943080481061e-01,-1.259083978498875267e-01,7.394540870743848693e-02,-1.899238239644846643e-02,-1.623386649003322971e-03,0
1.069890286802960416e-01,-4.108979361241027126e-03,4.594277479730017599e-02,3.929491478367450052e-02,-2.425031005336820977e-01,3.985690827261507974e-02,1.431940882515035374e-01,-2.094393638304542504e-02,0
4.363412107475107479e-03,1.573693990081357144e-02,7.437920765089438280e-02,-4.278174169126954668e-02,8.789858403277950316e-02,-1.184418053338845509e-03,-2.583526013959856413e-02,-6.246267161223451742e-02,0
-1.118045238725474816e-01,-4.825943755710780658e-02,-3.445208152059114903e-02,4.571971675757378895e-02,4.571889604880078478e-02,7.300347217854870341e-02,-3.347994597282974438e-02,1.466541096839039764e-02,0
1.034712133123472100e-02,-1.067407914496281418e-01,-2.988447154151235852e-02,1.125344903296470328e-01,-4.463374787700253102e-03,-8.805550922528219276e-03,-4.428151913238149995e-02,2.673748944556255530e-02,0
-1.050153074255825159e-01,7.777020820902279252e-02,5.818863125667793519e-03,-7.378868313698883075e-02,-5.253865211032717614e-02,-4.485031751643904670e-03,-4.205625447761567048e-02,2.541774239282789533e-02,0
-1.108411041900932287e-01,8.418831878973655203e-02,8.836844215813180470e-02,1.532417901557726198e-02,-1.148599251046965308e-02,-1.645007419983792601e-02,-3.499813837747333539e-02,8.227816174788324388e-02,0
1.981507654121798453e-02,-1.050262965798397646e-01,7.765032803621985114e-02,1.520570506445751216e-02,-7.467616028918493305e-03,-9.984242066598396359e-02,8.659136713346120284e-02,2.896063709289903657e-02,0
1.083654628976969680e-01,-1.045708430431806779e-01,-9.423868114407206453e-02,6.103465056591748927e-02,-6.551540946022885170e-02,8.425299774481781467e-02,-3.914065318605576549e-02,-2.803108994800161419e-03,0
-7.619474959702840500e-02,-9.841441241259965556e-02,6.564522947719299284e-02,1.411141348931471418e-01,2.185197478557726961e-02,-3.025093671639197609e-02,-2.097648925703888417e-02,1.117805073319043108e-01,0
-5.871974581359042794e-02,7.855786658120876564e-02,-1.180106348759420304e-01,1.171951641451659393e-01,3.090581205744791574e-02,3.740746825153252325e-02,-4.468674733476225153e-02,3.144674738459290325e-02,0
1.730565786726138283e-02,-5.566999265860186202e-02,-6.133637494957418224e-02,1.171227040016874082e-01,-1.230445999551438158e-01,-4.610356472466246858e-02,-1.047656193695861576e-01,-8.830810446456590149e-03,0
-7.190652004559001942e-02,8.716871639846951458e-02,-1.545104363449868734e-01,-1.206861470058144536e-01,-9.211292549471933322e-02,-4.347189120265563395e-02,-4.700448143167342691e-02,-1.501013116340589593e-02,0
1.890051473016752734e-02,-2.263358453731134298e-02,-4.607167766827927058e-02,5.064881272656395622e-02,-1.532489718135746082e-01,-1.211295178909814890e-01,-4.659091258024857657e-02,-3.755488916715818415e-02,0
5.996404823468353545e-02,-6.606803945121038357e-02,-7.432040373391816945e-02,-8.886560337507903515e-03,2.821407038059932024e-02,-3.180470014529800105e-02,-1.316364054161896571e-02,1.060845240043690602e-01,0
4.403823299804030672e-02,-1.597762189247316500e-01,-4.152417877405163715e-02,-3.456445184991579350e-02,-9.756266244701081169e-02,8.774134686245700643e-02,4.959110304721227325e-02,-1.412969826983613043e-02,0
-7.548341255794142890e-02,-4.960676454659774387e-02,1.293441978522769618e-02,-1.221926652292071834e-02,1.059620924056222935e-01,-1.439263377813836120e-01,-6.122800741568283633e-03,3.064172460360551839e-02,0
2.256341796473151223e-02,4.147953613006283985e-03,3.878652177201090401e-02,1.517392476822877409e-02,-1.980791013106425816e-02,3.847227699100422976e-02,3.057859653752246359e-03,-1.504456929030009195e-02,0
3.426999005849377944e-02,-1.048066051767322258e-03,-1.583515009529662121e-01,-1.707631501587250980e-02,9.261827982656932468e-02,5.108945506943738009e-03,7.354284969441407527e-02,-1.174753510663140987e-01,0
1.035530861520637530e-01,-8.847119276325737802e-02,-9.536947322242289582e-02,-2.459283580717797069e-02,3.808181796765266330e-02,-1.299035854717576488e-01,-3.039690546080923289e-02,5.152927552992424970e-02,0
4.400145577784066175e-02,-3.158056364575904246e-02,-9.679490754686739806e-02,-7.909757021540604616e-02,3.384322563538596368e-02,-8.594173535106174044e-02,-5.111405803728497066e-02,-1.078044597192582554e-01,0
-4.614161450746625398e-02,9.657237173085768747e-03,3.855684077207730681e-02,-6.422583510634692627e-02,-3.617019260713548456e-02,-6.319152273952668986e-02,-4.264160917229792985e-02,-1.094725575246272287e-01,0
-7.373690797479223735e-02,1.419035019074330883e-01,-1.010068675639666791e-01,1.500269343170948233e-01,-1.088417040630103652e-02,7.761373185715808587e-02,8.480063282888346265e-02,-1.529229835710419448e-02,0
-9.047288224653306232e-02,-8.860496907743255213e-02,-1.463451336268811465e-01,2.174904023371442008e-02,1.497958839839746426e-01,-2.648278790797443244e-02,-8.191700632573048479e-02,-5.470372069490476302e-02,0
5.560966382588200356e-03,-1.139590789827289175e-01,-1.535329570830566009e-02,-1.735927179417714739e-01,4.865436892816907971e-02,1.352738829541527132e-01,-6.774649758272295597e-02,-3.913664141516277201e-02,0
-7.889890031278697091e-02,1.195600572310601961e-01,-8.726540081176591135e-02,3.677278078830212987e-02,-1.037409005361586249e-02,7.685238971335529856e-03,6.633972916957245509e-03,-1.725842374499021725e-02,0
8.488359161973031697e-02,5.296288759055726297e-02,-8.492907538204383378e-02,4.423113318513660630e-02,6.847565055455788474e-02,1.094430994764079845e-01,-3.498476239422912415e-02,-6.599611708487169992e-02,0
-3.932785663254576014e-02,-7.234650445601234492e-02,-9.278509277101741615e-02,-5.651426356105349047e-02,-4.511213549575115913e-04,3.392273331377475276e-03,1.349007973554628148e-01,-5.254634137485549028e-02,0
4.045125470511844873e-02,1.223620520767306902e-01,3.546772735754784300e-02,-8.436367637359711014e-02,-2.057342696920876415e-02,-6.011440814025861140e-02,4.613193398759896785e-02,3.042841989765763394e-02,0
-1.345531415101891004e-01,-2.470193286925843890e-02,-1.135328090372795806e-01,9.572726164074743527e-02,-4.745108685816104566e-02,-9.371154723199681680e-02,6.400770607033248738e-02,5.163566508847787333e-03,0
4.261046700344843507e-02,-4.943786669666328177e-04,-1.201954244671038091e-01,-6.940159033037852920e-02,-1.068703680865093347e-01,4.705113963902733676e-02,-6.970859946275499708e-02,-5.144674631535568060e-02,0
8.696075240835159093e-02,-5.485310233502306565e-02,-1.259204468250352260e-02,9.900013163647890246e-02,4.095069408591466877e-03,-1.171959770056297742e-02,-3.941925071541105274e-02,5.964897578257549043e-02,0
5.458999417076583482e-02,-9.977830435365923900e-03,5.765277663980490457e-03,7.546061305508668104e-02,3.782962668248583162e-03,9.839364014131614378e-02,-6.157104544213598540e-02,3.118577301956665382e-02,0
-1.412794145386120637e-01,-3.052529750729401220e-02,-1.454504141574937959e-01,-9.541049434822408346e-03,4.328456064731954489e-02,2.835149892111147804e-02,-6.369198529456372715e-02,-1.885043236084283647e-01,0
1.203041702923636352e-01,3.037439561848251715e-02,-4.924373288274670052e-02,-1.145636608293737436e-03,-1.645558436573685626e-02,8.435958170352877983e-03,-1.681185527432477438e-04,8.113456444189261207e-02,0
4.169164319217697617e-02,7.410179442522794868e-02,-1.482204916380243864e-04,-1.225394163049561835e-01,-3.699241724935354442e-02,-3.817964710859504673e-02,-2.891250563613442792e-02,9.551882150845214525e-02,0
9.636678213772065238e-02,7.141163158381680365e-02,1.384798009143774211e-01,9.216794273843448293e-03,8.817097043628041586e-02,3.937081296048177553e-02,2.852735030796714477e-02,-5.735719648517405289e-02,0
-1.764925036368995837e-02,-6.441811957936009747e-02,-3.188177169716596704e-02,-1.107710142143333576e-01,1.020580758662347487e-01,1.163461124801503377e-01,-6.555698692258505288e-03,6.230805927103967579e-02,0
1.096436668370620593e-01,9.287679300884183961e-03,-1.443890083778540945e-01,1.027100025969505531e-01,-5.640711403594077938e-02,-2.111503977620436245e-03,-4.470831048702415822e-02,-1.012861769070503987e-01,0
7.229155582792909374e-02,1.513631427306109112e-01,-5.926941320592827439e-02,-4.213653469331773982e-02,8.116605035530698176e-02,-9.233896205119440648e-04,6.343276568833286500e-02,6.778508505055350075e-02,0
1.554436198612323648e-02,9.197330128471339905e-02,-2.631557169725572826e-02,-5.317751829428948862e-02,4.110684201530955678e-02,-4.442971818838227505e-02,8.782824848756960734e-02,3.556678660985531509e-02,0
6.365810683249749358e-02,2.456994019119978709e-02,-6.443704104028387392e-02,-1.479651473134126205e-01,4.298041965692830230e-02,5.710200331857501199e-02,-9.496788383667909006e-02,-2.457868210168061632e-02,0
-5.441304766182377198e-03,6.509091942030674482e-02,-5.539452296072328724e-02,5.830609133077348238e-02,4.973533435135383401e-02,7.585378852051490040e-02,1.683689614668198442e-01,5.066862552101094458e-02,0
-2.325430957013193897e-02,9.448614883043478241e-02,1.354360465106122235e-01,-1.288198321957912426e-04,8.206692152833428011e-02,1.331401295838844090e-01,-3.906513125088060395e-02,-1.352201245723576029e-01,0
2.430508389987304230e-02,1.085029344280813608e-02,-2.260664672008305676e-02,1.339264863330653921e-02,-5.172276695720109257e-02,8.677638004722484921e-02,-5.497768935707370713e-02,-1.394485991516512639e-02,0
1.962306506754734475e-02,5.334690004512251948e-02,1.778947986628006545e-02,1.530928182917737357e-02,5.073923236613887833e-02,-6.101643444333994248e-02,-6.776378020628201623e-04,4.543297148838051219e-02,0
8.262371177434718952e-03,5.142806968826320324e-02,4.032094866759836083e-02,1.117566549141142951e-01,-8.899639232022800439e-02,-2.379414267647316297e-02,-5.076684596272055400e-02,-1.201946200191612336e-02,0
1.842930010426634601e-03,-3.692662628714046824e-02,-4.762189626794496866e-02,1.259936470655871887e-01,6.272326425112709214e-02,-4.939728115030860706e-02,-4.589391216868873510e-03,-2.876691978341357897e-02,0
1.173315187186712433e-01,-1.027813434807633639e-02,3.725083474012991919e-02,9.643352559349595288e-03,3.748505030837125454e-03,2.296331621669364838e-03,4.806789279184776886e-02,-9.647086203340180660e-03,0
7.583778441774013945e-02,-3.411665155737713534e-02,-3.072238658806342865e-02,6.601878035476363427e-02,-5.283689848076145862e-02,3.577798048651960328e-02,-1.895222754526295489e-02,-9.937579491697101641e-02,0
1.104061902539734547e-01,1.673950768803939004e-01,5.176274057499619802e-02,2.336897269857906786e-02,2.066805505569465837e-02,1.487657086982909216e-01,-5.528107597487956666e-03,-4.675505404944477195e-02,0
4.532195900298372458e-03,-2.696076719484229861e-02,3.662381130340019997e-02,-1.080990598646896644e-01,-2.753230240633049858e-02,-4.276491179996755321e-02,1.064913849675156593e-01,6.804359319171002229e-02,0
2.891661851763143581e-02,1.415819565355674881e-01,-7.051194499938104321e-02,5.825095684475113667e-02,-5.906776214226975436e-02,1.981894172959448516e-02,2.151330207016828588e-02,3.720606423479679015e-02,0
2.088432715838586806e-02,8.151380850721824667e-02,3.605535566158361849e-02,-2.015214785783828871e-02,3.760577954151654578e-02,-5.053922346076687895e-03,1.237521643334514587e-02,-4.866069180538053901e-04,0
-3.369161900962556327e-02,4.124165085519700125e-02,-9.876532617956802762e-02,-7.236674089157385699e-03,-4.030666685366789126e-02,7.902904114795937518e-02,1.338311213082676310e-01,1.987249835231452016e-02,0
5.459560223113148897e-02,1.829109673373162381e-02,-4.596046989201192645e-02,6.352567080751480091e-03,-5.150368797940509114e-02,-1.499685657057942857e-02,-8.148227169594771460e-03,3.627480289202283936e-02,0
-1.488019226383789917e-01,-5.843324592211028568e-02,-3.201403490740744456e-02,-1.952564574512180616e-03,7.698910452897017587e-02,7.509275290983681746e-03,7.355194173344595243e-02,-3.442946602954475438e-02,0
7.292409804543949214e-02,-1.209432127120872724e-01,-4.325591826869532724e-02,-1.196768513237391196e-01,1.424153299388345763e-02,-6.887124607975521340e-02,-2.705200599472425138e-02,-9.077363087633624761e-02,0
-7.451377739329491379e-02,-7.587519352668163630e-02,-2.475894530478252309e-02,9.702279913079848994e-02,2.908528309141636728e-04,-2.090150135826939620e-02,-8.322702924517660092e-04,-4.897178050864540305e-03,0
-2.238409275341129642e-02,-7.954630268824529338e-03,2.400588918609641506e-02,-2.276308113049582064e-04,-6.331146526528810825e-02,-6.464242989066647238e-02,-6.839580715479438335e-03,-7.048207011573365266e-02,0
1.460343994242689070e-01,-1.017091438888521049e-01,6.471490444637160999e-02,6.465750484362309258e-02,-1.834394413663811840e-02,5.980031351375340865e-02,-3.277611184546683210e-02,1.798790586161420901e-02,0
-8.140698502234762490e-02,-7.965820909538655348e-02,2.716327205234818354e-02,-8.430406736705267634e-02,8.451818109606974369e-03,-1.272431544037906648e-02,3.199977812969075075e-02,8.510324099604280046e-02,0
1.871521466450876692e-01,-7.101237204460585008e-04,3.252312475399790626e-02,6.064614703781311122e-02,-3.430426859300488712e-02,-1.030623196504210637e-01,6.468217152003023773e-02,-9.462244935462804651e-02,0
-5.893267136637553479e-03,2.702049204911475752e-02,4.249511218085932213e-02,4.271452090286383813e-02,-5.653503087735326643e-02,1.479390946326429764e-02,-8.765819735215395203e-02,-5.479648425662300704e-03,0
-8.118421056909361222e-02,-1.737023736017478948e-02,6.307569001687907129e-02,1.898131988802234660e-02,-2.996453974324224390e-02,7.736532456450619100e-02,-2.775790555043522803e-02,2.114328671495835019e-03,0
-1.863923190065219226e-01,5.494125129800128682e-02,-1.641122559754979240e-02,-6.662466147995395327e-02,4.483607706915309493e-02,-9.593542308847576028e-02,1.593155790551950557e-02,1.198903680479402323e-01,0
2.311699592970594894e-02,9.914822159991547312e-02,1.077984064642104473e-01,-4.726710835823440260e-02,8.118661264368363939e-02,4.634793854342431768e-02,-7.941791142963404437e-02,1.366060394945600998e-01,0
4.805128717724030038e-03,1.412709669536814372e-01,-2.970616954185532552e-02,-9.967024689697588646e-03,5.512748576108227050e-02,-3.353525184330029968e-02,6.028749677939653634e-02,-6.060063407769122890e-02,0
7.661416369165394147e-02,-4.527424036522997852e-02,-1.257154553662295227e-01,5.004924956641836759e-02,-8.903034711615603891e-02,2.490593225406322660e-04,-8.580089169675899144e-03,-1.538676237963623183e-01,0
1.103575374521136541e-02,2.434734275826236916e-01,7.477829436129250495e-02,-6.011464139380617161e-02,3.772017579258710868e-02,-6.557020533235094484e-02,1.831204998441997994e-02,-4.461328500724247997e-02,0
6.672442454445810800e-02,-1.142380679645488978e-01,-1.630270327522333196e-02,-6.673436429485112877e-03,2.569506009394345591e-02,3.397166392601241869e-02,2.835293419073383128e-02,-7.039966885500476002e-02,0
-6.578298423766434921e-02,-3.160472457778766564e-02,1.017337824311196209e-01,-2.619517863417060444e-02,5.103843221785597101e-02,1.161006186499566502e-02,-4.967807518475059192e-02,-1.652731150206274147e-02,0
-1.576978483620596061e-02,8.615250687397840723e-02,-5.721628639422159796e-02,8.476379522896440588e-02,-2.287278220802720433e-02,-4.523334118690868627e-02,3.134659826690495282e-02,2.472827336628248204e-02,0
9.396919165241536531e-02,5.492814862671590442e-02,-9.153140650201672945e-02,1.352824877627561637e-03,-8.627195701717638165e-02,2.127573419081538533e-02,4.489344437408512856e-02,-1.525403244235062038e-02,0
4.708954499682112965e-02,1.737609625899434462e-01,-4.007928762139437509e-03,-1.824255824218419531e-02,-1.473518631668815394e-02,-1.151407968834995271e-01,-2.523656604583262783e-02,-5.388805741093601748e-02,0
9.121474421685699108e-02,5.512964622204463705e-02,6.782603762451229479e-02,-1.428135130097695979e-02,1.272947478929307707e-01,9.477013099254176509e-02,3.556219905898953815e-02,-1.366840308671416759e-01,0
-3.409245965636784059e-02,4.489669390046769140e-03,-7.444748914982618482e-02,-1.994641055811444130e-02,4.868305590783744002e-02,-1.573461003521453572e-01,1.945998533257406113e-02,3.368229130869362150e-03,0
-8.943632218428035352e-02,1.847015395743029087e-02,8.548346882824721382e-03,-6.061064998230202699e-02,-2.224401357317656869e-02,-2.822004816512288516e-02,-3.680058916168146149e-02,-6.521134133493167173e-02,0
3.606507617490525841e-02,3.095923288481980395e-02,-3.275636752151307035e-02,2.763656156259808230e-03,-1.885082148425358192e-02,-6.650320576861364075e-02,-4.997973072592036548e-02,-2.949595327716809587e-02,0
4.134016174874491356e-02,-2.130905585369819236e-03,2.625542770696046371e-02,4.078501839924772963e-03,-3.039705046995225257e-02,-6.158715732129863007e-02,-1.290772173400904776e-01,-4.024315790242317253e-02,0
-1.031357097893040656e-02,5.039631731281823956e-02,3.307089672224405169e-02,-1.651675516220006690e-02,-3.618881643645168594e-02,-8.381467871277155368e-02,-2.220047977857583787e-02,-1.008251712413492235e-01,0
-4.879135273139222767e-02,4.421742082732359191e-02,-2.645114321029250551e-02,-5.115251889798928808e-02,-2.964657632884727667e-02,1.387737678044571599e-01,-1.024993618250285253e-02,8.149088594855923018e-02,0
-7.082485173902895725e-02,-4.451855118689520413e-02,-3.106384918979875412e-02,4.270672923465605036e-02,-5.116904975486255558e-02,5.568420044888586912e-03,9.558635052971818646e-02,-2.073236316608019318e-03,0
1.045596746628168205e-01,6.951743666276011258e-02,5.789606259413643957e-02,-7.387146027138347115e-02,-3.912748292207363955e-03,-5.905384561868840150e-03,4.532864119934289227e-02,2.513843420192528669e-02,0
-1.337403619610532529e-02,-7.446356985336466394e-02,-2.538108813058705115e-02,1.612828017031674999e-01,3.209668524539232431e-02,-5.499281453897227750e-02,3.485286309078050593e-02,-6.678527890803413747e-02,0
-1.901613328196694735e-02,-1.215753261535440777e-01,9.513457042063189206e-02,5.594630372680205882e-02,-8.732744668992947767e-02,-1.274361301109881543e-02,-3.929231493755389742e-02,-1.378253577805561153e-02,0
3.866061468990725225e-02,1.637340161571637642e-02,7.067066783796396162e-03,-5.656664981028091538e-02,8.538467125504128896e-02,-1.270802447835185471e-02,3.325366468421687288e-02,-5.824210728075459448e-02,0
-1.461787105472804882e-01,4.445482504396433554e-02,1.332894816158521623e-01,-7.669473515076610792e-02,-6.002642647134200093e-02,5.222704956994458914e-02,5.841682097235827154e-02,7.284100335962381823e-02,0
-2.018372802995290968e-02,-5.208386467702144640e-02,-1.365399680654270087e-01,1.106933579697450126e-01,8.922505789782561028e-04,-9.764665520663183551e-02,2.398685853761090350e-02,-5.658526722062346553e-02,0
4.589727006174707490e-03,1.731337447076581118e-02,-3.836961366791598674e-03,7.268817278300368501e-02,-1.018189446762291228e-01,1.138604668847268894e-02,-8.794943423753279199e-02,-9.731395705440984379e-04,0
1.019506452192193297e-01,-1.322858005157129431e-02,-2.704317281470892606e-02,-1.077907511417006831e-01,-2.734602432968423827e-02,-4.614923119364523763e-02,-5.473827981353174277e-02,1.180603133782905621e-02,0
8.636135754490456562e-02,1.569160362485334248e-01,6.796541901733380020e-02,1.302715415685928579e-01,-4.234242136814506813e-02,-1.046674716415654099e-02,6.102157771289296040e-02,-2.725137781077396210e-02,0
-1.904979421797707226e-02,6.389066202914113479e-02,7.889101522865775429e-02,-9.228316280621344514e-02,2.542982985480689295e-02,-1.070898080124802658e-03,-1.156780145699677492e-01,2.478663590106001957e-02,0
-1.229631209980232547e-04,-6.900960843460772487e-02,5.399765209324880466e-02,-1.642635007706195333e-02,2.203629769225428064e-03,-3.419869267866478685e-02,-7.333417703948680311e-02,2.308778972402661736e-02,0
-8.512303631252247232e-03,1.098750032399939749e-02,-1.835534407335715629e-02,8.939747599820301038e-02,-1.451320201152140818e-02,1.084548758582056932e-01,-1.033207586535879741e-01,4.782846960599384384e-02,0
1.189387990650439542e-01,-1.216359170967158260e-01,-8.536263852226087800e-02,1.884049266179164267e-02,1.811214443743196234e-02,-3.294837038051739997e-02,9.002690132578089824e-03,-3.541509899346505230e-03,0
1.329461705473757582e-01,-7.736851469425324451e-03,-2.483776596867120004e-02,-6.511011613418739297e-02,-4.398159598724833176e-03,-6.876764279005273539e-02,-6.920281479243090006e-04,5.688317397596456132e-02,0
-4.825676841384648336e-02,-2.277678215289721808e-02,8.684106629885005035e-02,1.788408520032787052e-01,1.621063327299537282e-01,-4.901661473602175051e-02,1.371899080269126936e-01,2.529011104004043331e-02,0
1.646914186873376373e-01,-3.851281614530312897e-02,5.605424069011277072e-02,-1.773272481250056862e-02,7.413218838016825962e-02,6.750130532779365783e-03,4.709514774669941450e-02,3.867584789227239417e-02,0
-8.333378727617152260e-02,2.870608038921801733e-02,-6.831835749172512906e-02,9.072038099167822889e-02,9.629192349982443333e-02,1.017117500576136258e-01,1.360196587798210427e-02,3.115245466304042421e-02,0
-4.098593822979045009e-02,-7.036320748643246081e-02,-3.619896198587222585e-02,2.772978755322442340e-02,-5.527971869645164488e-02,-1.221448713760504325e-02,1.543313206953683403e-01,4.594984873848609666e-03,0
-1.877212924538302907e-01,1.102211951654774730e-01,-8.814248892765363941e-02,1.389364748903151869e-01,-1.214169104748959692e-02,1.141047880331263753e-01,-3.502581960639038205e-02,1.134082859677515848e-01,0
4.557215227345696312e-02,2.904803335870246098e-02,-1.227861332640942799e-01,1.744019368386328858e-02,7.393931243730800240e-02,-4.938017140897930229e-02,-2.437002413248481186e-02,1.178937685106186545e-01,0
-3.092323492704722107e-02,-1.243295809545910680e-02,1.812150985654218532e-02,-1.110298922179060177e-01,-1.460970713541563104e-01,-2.223015328573368227e-02,1.126042393649941478e-02,2.848642232514798575e-02,0
-9.058455084606835406e-02,-1.021490840924394600e-02,-7.326785964375057136e-02,-9.082358986505909004e-02,-1.064847350833628137e-01,-6.852005834420044073e-02,-3.798519361759535723e-02,7.603553908683897966e-02,0
4.001625703286093572e-02,7.840896844224011508e-02,1.198402076935587701e-01,-8.646667673502500540e-03,1.608919362965462174e-02,1.189112862089785755e-01,-3.076696704440381319e-02,9.627299159387063543e-02,0
-8.138224856076679836e-02,-1.066943899585222864e-02,-8.523896441719699957e-02,-2.263140673020061847e-02,-1.243176808279347276e-02,7.285234895461743798e-02,-3.535086835929054233e-02,8.210117383197118590e-02,0
-6.939498772876188937e-02,3.890221679259261989e-02,-1.513228929283635081e-02,-7.816632775341449124e-02,4.677121943850021113e-02,-7.245811665568784032e-02,-1.120040924008953998e-01,1.050466951390834347e-01,0
-1.289058628965611963e-01,-1.590377367947110876e-01,-3.817519568501497734e-02,2.530216384628346596e-02,1.622683886383569432e-02,8.039289175698820233e-02,1.306523923476664642e-02,-9.096247937871471470e-03,0
6.308469165809438284e-02,1.252863632377621828e-01,7.114028627945027938e-02,-4.033146411132176173e-02,3.032840015686504714e-02,-6.193511441385351514e-03,5.323761460457746009e-02,3.417287730113764688e-02,0
-8.063410023442134367e-02,-1.418813318519711875e-01,4.609406942322436668e-02,-1.646617314003651633e-01,-1.312596691180764608e-01,-3.554285537569061570e-02,1.230594113572399950e-01,-7.213214856606663984e-03,0
4.893437832776312280e-02,2.062564109564189990e-03,2.135690875858672205e-02,3.399606819872897506e-02,-1.285000575137326684e-02,-7.180482196090627600e-02,-6.855339229448270677e-02,1.129418471455706091e-01,0
2.842622964258592275e-02,5.519525748450969382e-02,2.961521474435449205e-02,-6.028859571350409820e-03,1.740771722352485174e-01,8.046539541862102185e-02,-3.664334777018142530e-02,1.413550863416788289e-02,0
-9.205060147554082386e-04,-3.355180036589383574e-02,4.033828179497806615e-02,9.799403600287312846e-03,-6.783484941282863501e-02,-6.904206392418983651e-02,-5.732500636282378097e-03,3.196732147972057569e-02,0
-6.227961654024884164e-02,1.028871500943426415e-01,4.064522475793031636e-02,9.132157160903436877e-02,2.977877701281124445e-02,3.033148599605467455e-02,-2.442404177431032469e-02,4.364370707534289198e-03,0
1.343253924610521011e-01,4.899336607988579589e-02,-3.342674844349722424e-02,-6.528950308238194722e-02,1.436115009293902588e-02,-2.467583609838144496e-02,9.025440207193517750e-02,-9.811609495398244951e-02,0
-4.301491377284433898e-02,6.374700844583185144e-02,1.208611976599450154e-02,6.364694185834926521e-02,-4.846923639901329350e-02,1.658045517856765114e-02,2.014485775683375057e-02,3.384976354060080517e-02,0
-9.798817737154899565e-02,5.407632592154486967e-02,4.333768436141853531e-02,-6.898384538691937351e-02,-1.935965562019607150e-02,-1.747811286061270661e-02,3.258105457739834260e-02,-1.898145106302041168e-02,0
-7.358675435630530892e-02,1.697669749123593627e-02,5.726613347357555062e-02,-1.074198656980960287e-01,6.558383076643473086e-02,-6.595976902372323314e-02,-1.890628993916751086e-02,-1.036114950426561022e-02,0
5.473397680519698216e-02,-2.795687235255115907e-02,7.364683185125314724e-02,1.405547052386720008e-01,-1.105706850148444617e-03,9.969140900560332502e-03,1.707474200927372107e-02,8.717103248821130024e-02,0
6.372053696573498627e-02,-3.603565281259320241e-02,1.086219964267320232e-01,-7.259029752147329317e-02,-1.392096363424848507e-02,6.415105085924059647e-02,-4.460167184338369867e-02,-1.414851745454472239e-02,0
-1.086440335011911312e-01,9.709507100383088507e-02,-3.701833690135560712e-02,4.696028219088885236e-02,-5.966295096680731408e-02,5.088226079746303171e-02,5.547182136982604234e-02,-2.783271692997756758e-02,0
7.242520177419514704e-02,-5.487756921728039611e-02,9.316417792251228958e-02,-4.940089257113405158e-02,1.196377541420339946e-01,3.448010037701521036e-02,5.399659103201878696e-02,-3.661394210796441867e-02,0
1.567537319769831891e-02,-1.372656566368600783e-01,2.253311856914279668e-02,-6.031172189095096448e-02,4.183136627213979164e-03,4.143079174697250622e-02,3.033523266893051878e-02,-3.466606342299638488e-02,0
-1.239708847097381744e-01,-6.361347577031527256e-02,2.043721062427215560e-02,1.403841860715354835e-02,2.668555831183238788e-02,-1.268238522567255444e-01,5.902392397978434291e-02,-1.372470146240132444e-02,0
-9.106020991552986332e-02,-8.746710837467441824e-02,1.481921155588273031e-01,1.361077047173356591e-01,-2.262889843132507781e-02,-8.468338927659992132e-02,9.233007106916122763e-04,-3.465739604941513868e-02,0
-5.400159656247972839e-02,-4.794815935653733152e-02,4.486547136619332965e-02,-1.088078294788810962e-01,-6.240092238337160285e-02,-6.839232327970459595e-03,3.566247183842737034e-02,5.537620716873408594e-02,0
2.006322100728702082e-02,-1.076907142615098761e-01,2.762344601483616643e-02,1.017826573144115926e-01,9.340011416989564552e-02,2.175569375439690561e-02,-8.445503391692604778e-02,1.141276588384041585e-01,0
9.673225261819336229e-02,2.658277779636555199e-04,1.044804046769497695e-02,1.088927412952740148e-01,7.752613758381525499e-02,-3.549972193083012623e-02,-8.764662405599965567e-02,8.853581039651894913e-02,0
4.803944749562766986e-02,-1.002321177223003817e-01,-7.470713814685932264e-02,9.555595652029998111e-02,-7.304812624578539693e-02,-7.481659919961980605e-03,3.489431561942692162e-02,7.964493335513871120e-02,0
-7.795662283134668566e-03,1.520664649753662723e-02,9.976434556193247705e-02,1.506276194430167074e-02,7.086961255663611070e-02,-6.304185791929167726e-02,4.875740587982648616e-03,2.000334004211880290e-02,0
-2.428451342269272867e-02,-1.219315391551258976e-03,-1.559142775437194761e-01,-2.433107474903038747e-02,-4.607394803443594367e-02,-3.888035144446185670e-02,-1.035588617067964290e-01,7.161054634812358960e-03,0
-4.825653886854897739e-02,4.831640315787360390e-02,-2.408279888029432256e-02,-5.190701811185291503e-02,-4.805367921545922183e-02,2.505218502917054280e-01,-8.851179259230318452e-02,-3.387202308059866079e-02,0
3.659233550557477229e-03,1.040598312857909415e-02,4.857606524895853595e-02,3.228925005056629272e-02,2.282208700798071897e-03,9.002399420837933763e-02,-1.062753877482332521e-01,9.756515205525052858e-02,0
-1.506844187150675751e-01,1.418560086846591961e-01,-5.281573310715923820e-03,5.537889564882060231e-03,-6.136297890515250708e-02,-3.852810215884083095e-02,1.570470648293614130e-02,-4.618717593586379316e-02,0
-1.191212081590898447e-02,-3.293246852641100453e-02,7.285683193738332064e-02,-1.450802346711149715e-02,-6.163250106515099497e-02,-8.563609890820450196e-03,3.541810988059875681e-02,-1.100871042319903348e-01,0
6.066682739994819912e-02,6.591668720689373984e-02,1.369520313116356358e-01,1.820594219510970196e-02,-2.437313386472855781e-02,3.904219137452473454e-02,-4.892637335664642290e-02,-1.739905159024468517e-01,0
8.377619195934662977e-02,-2.277974221019850656e-02,-1.985202512271210668e-02,6.225839003698865198e-02,-6.618486934806808164e-02,2.850227037211621600e-02,-2.026764797905056606e-02,6.202550723000726379e-02,0
-2.389000090089019035e-02,9.394539157145775921e-03,-1.740401554785010463e-01,-5.917876149501143795e-02,5.607401565491863110e-03,-7.506068077759761592e-02,-4.119628503063923336e-02,2.599192377067015974e-02,0
-9.699953886872466832e-03,-3.652019467796639024e-02,2.989422816502244201e-02,3.556666695176276261e-02,3.118785693579325877e-02,-5.404830107983603360e-02,-2.479103587401166459e-02,-1.644393997947406899e-02,0
6.670899026552178090e-02,6.690614842955995567e-02,-1.579115971774605054e-01,-3.453759997673337689e-02,1.190644403181875290e-02,-1.187763458277975720e-01,-4.639760395756678014e-03,-4.261645796224487748e-02,0
3.598517296900164558e-02,-3.348784844880572931e-02,-1.006136501199710737e-02,1.047960616213779866e-01,7.729406181693636302e-02,8.039428357408169579e-02,-9.384630194866452543e-03,-6.201640702063797306e-02,0
-3.678145161446996769e-02,1.053724011810422412e-02,-2.861368610791081846e-02,-1.768244727940299077e-02,7.205481593960375020e-02,-1.050579549127495516e-01,6.304272291474105616e-02,-4.871519012493050194e-02,0
4.959350901369209697e-02,-1.385399499226139773e-02,-1.851981649651129533e-02,-3.593883093695444259e-02,4.428624816513426071e-02,-9.579639004796740298e-03,-4.669673636288516200e-02,-3.615390256105241451e-02,0
4.235443143630707175e-02,3.586919787534077926e-03,1.483887504938018742e-01,3.736475123783648128e-02,1.129381310756217699e-01,4.502737683464727581e-02,-1.568856958823794737e-02,2.498792144824626277e-02,0
8.278147053580313386e-02,-1.125538967593237433e-01,4.655086263232004890e-03,-2.424776688063154384e-02,-6.545780478776083711e-02,2.966882316659347901e-02,9.690545616891788061e-02,-3.356668157413330439e-02,0
9.088226367199617184e-02,-1.621050413180893587e-02,-5.983033719925131416e-02,-3.651892951844591673e-02,1.274768576148662680e-01,-5.647431918367509796e-02,-3.299819514627418821e-02,2.699652661022520703e-02,0
-6.621098976966238725e-02,-1.797926726458343866e-02,-3.493432043419977817e-02,9.754540553397654523e-02,6.495798483113671140e-02,3.465927989272886423e-02,1.067670737418028731e-01,5.805611958997099740e-05,0
2.085886867570752035e-02,1.372118132980526886e-02,-7.283183902991992309e-02,-7.263963191632791250e-02,1.125123143929665503e-01,1.150248304807695160e-01,-4.557965730952901612e-02,-2.749041755165161985e-02,0
4.267389373200460717e-02,4.076957758837116558e-02,-2.150243669170318062e-02,1.765473251642716082e-02,5.471292206093183313e-02,-1.188752356120161141e-01,4.571444891744187028e-02,-5.681084173617715997e-03,0
-2.354231582768642750e-02,7.708523084318524843e-02,-4.658332225669880450e-02,1.867042313000519815e-01,-6.621239280818812245e-02,-1.346308546790888350e-01,4.611810871704901532e-02,-1.436792808096878649e-01,0
9.114469959874160754e-02,-1.054933775933705395e-03,9.981438132846658096e-02,4.526363001482359288e-02,-1.102161294537381958e-01,-3.471204516255362027e-02,5.697458214464817816e-02,-2.044799868973346674e-02,0
-9.005469910122532173e-02,1.055783894714499129e-03,-6.010653602529555939e-02,6.939162119754277436e-02,-3.191094869689097696e-02,-2.431693571167223289e-02,-5.711971078777230287e-02,5.081967598282416398e-02,0
-9.309742307418372720e-02,5.070390414529194964e-03,-5.022564020310367472e-02,-7.879219407865392308e-03,2.329749724528434041e-01,-3.602754167338166613e-02,7.019914920637010392e-02,1.862757567062383462e-02,0
1.032595958186620921e-01,5.084283054086514986e-02,-1.421293222916888456e-02,7.304948874963133887e-02,-8.301177404377527158e-02,9.799393111547914995e-03,-1.627530944734618262e-02,-1.306134921196128000e-02,0
1.675677920487417955e-02,-9.768618164419619332e-02,-1.305746347663871154e-01,-7.941654611858173229e-02,-3.127779685348276717e-02,-6.217117870168026479e-03,-2.952979171856846483e-02,-9.831260981727230411e-03,0
-4.560857569117852256e-02,2.006883350868459912e-02,9.302113915324392024e-02,-1.084114052386239528e-02,3.220056065578560944e-02,2.686239356706832462e-02,2.138887792752632716e-02,-5.868218806826425681e-03,0
-7.431556115498946791e-02,3.333736331303732703e-02,5.258770548013420171e-02,-9.281571710309843848e-02,5.258202712564771092e-02,-1.833269172258279039e-02,-1.869830265264409846e-02,-3.867284416456210488e-02,0
5.077381084370160419e-02,6.833078141652962345e-02,-1.492368142437454836e-03,-1.642779115060529621e-02,6.713576479791995288e-02,-1.039849972447619564e-01,1.809949687247308994e-02,4.187750524717587242e-02,0
7.628162075685278321e-02,7.774781727297472300e-02,5.223898150687011910e-02,-1.175725450074451874e-02,-2.800108756028480209e-02,-2.704986726129151794e-02,6.166642782510633330e-02,2.187916257298075720e-02,0
7.605993707484842541e-03,9.282822907974222493e-02,-3.848259006590685685e-05,-2.600012377161468879e-02,4.084122964662267874e-02,1.285873087459409904e-02,-3.031912472421124938e-02,2.693240582605348210e-02,1
3.814419560166345397e-02,6.165023856589505217e-04,4.732160449868107188e-02,4.815584288094000294e-04,8.336694602177265045e-03,-3.568571252749749151e-02,-6.425516721013665479e-03,-9.373968355040590561e-03,1
-8.070221095821807078e-02,7.686909928848992095e-03,9.790619672316033806e-02,9.614688583997228755e-04,-1.460896476825989006e-02,-4.850110142220152853e-02,-5.296076390597786315e-02,-6.797696224039288804e-02,1
-2.354128799038656197e-02,1.005303723279853956e-01,-1.382592050800667341e-02,-1.911385966624088925e-02,5.361037987898311513e-02,-7.036326592359903875e-02,-6.927221338470448964e-02,-7.437985338174200878e-02,1
-3.547989661762203373e-02,-3.768933417633622135e-02,3.443957703437385692e-02,-1.874869431742745909e-02,-2.351444670663349265e-02,-2.071895250643613490e-02,8.280274700630340864e-03,3.159256796520440447e-02,1
-4.056464817182051791e-02,2.664853999071544952e-02,-9.384954691153760131e-03,-9.843358866779144956e-02,-5.646245287862099171e-02,-7.373187541970423198e-02,-3.692177497291802835e-02,-4.642397478674482880e-02,1
-4.773133219866535631e-02,1.197194151745156407e-02,5.227087777023201737e-02,-3.944483001963036001e-02,3.300068273107351069e-02,-4.401458308685243098e-02,8.677490647569513146e-03,-1.177591484190784570e-02,1
4.145726679057159386e-02,7.367485387382231854e-02,2.405700562069817972e-03,-9.129802533139538823e-04,2.173724273746198768e-02,2.870194372426474599e-03,-4.552128446440852766e-02,-2.561285889157455947e-02,1
9.194971164962426058e-02,-7.363511420589198553e-02,-1.367401227298215699e-02,-2.501450099308206304e-02,-7.767404722947264528e-02,-3.779512605312390638e-02,-6.195179022157971255e-02,1.988875732592885331e-02,1
6.711547725236846618e-02,-4.250156177242693512e-02,1.424199276964851178e-02,-2.689986084656003501e-02,-3.478193406897287648e-02,2.784661753507313223e-02,4.705063373412753103e-02,4.776960361529823673e-02,1
3.901509671887378686e-03,-1.179749402642009393e-01,3.003804969063806132e-02,3.286928404638572374e-03,3.011304386374083573e-03,2.061116058382604990e-02,-3.821031855158810164e-02,-1.296656293529193163e-02,1
-5.741073231776668007e-02,-7.690484972846855193e-03,3.710094189153332472e-02,9.108519200436591620e-03,-4.931345088938981353e-02,-2.456657849264242202e-02,-1.496711281494311589e-02,5.891631719076064616e-02,1
1.637518118765061504e-03,6.606980264331815955e-02,6.101643830312544065e-02,1.274512294480824835e-02,6.904882733547494655e-02,9.049874545422685601e-03,-4.103828828994239043e-03,-6.702248040164524023e-02,1
1.399679149036737839e-02,-2.542137262691990598e-02,-7.644500297945383896e-03,-3.759198625614160140e-04,5.766316698463642976e-02,2.462064023301178267e-02,3.970347890472329666e-02,6.450784318014686491e-02,1
4.640635930003683685e-02,7.037273365029429739e-02,-8.057276674811682249e-02,7.850478237384064806e-02,9.142302640273977654e-03,2.697356844934944292e-02,3.962371365761505754e-02,4.345507802684518001e-02,1
-5.081211916140764701e-02,-1.905878386913046479e-02,8.822616609512506924e-02,-1.654826045656928105e-02,1.022772818407213444e-02,-4.031523147163818682e-02,1.614074881686617530e-02,5.996257603152534837e-02,1
-1.198906692286719720e-02,2.410051664973394785e-03,-1.606803585087658234e-02,-3.588169260149456224e-02,-3.950889101593062225e-02,-7.981282452768672514e-03,3.992008826210241557e-02,8.127886478106849388e-02,1
-3.222763068134707962e-03,-2.973504184418502769e-02,-3.897105745245104877e-03,-5.615247685864699356e-02,-2.351095617604246485e-03,-3.242598001241789318e-02,1.243764335294239229e-02,1.179233808182838811e-03,1
7.107563855463505491e-03,-5.415369494370846949e-03,6.884703176915914907e-03,-4.697028636274119817e-02,-7.283748355770762288e-03,-1.130794122360750421e-02,-3.399265635708492630e-03,3.763557312244879272e-02,1
1.894810937573977380e-02,2.088092345113574944e-02,2.226753729087377690e-02,8.891086688777288111e-03,-2.875530360446718059e-02,-2.814872446257007596e-02,-5.878772806601807038e-02,-2.798170136738528917e-03,1
3.623822416204238589e-02,-5.815752301157479237e-02,-3.863730251490223033e-02,1.945157528003915726e-02,5.577108480757368703e-02,3.501711093971064670e-02,-2.665052050621627422e-02,6.587952964020368785e-02,1
3.412786070139268296e-02,-7.277612407423839080e-02,1.718674076298598585e-02,5.957608655651341206e-02,1.895463569128450973e-02,-2.742218391293412688e-02,7.362322163387741147e-02,4.695897851201922407e-02,1
3.218820650186388771e-02,-3.732073267375893982e-02,-4.448864130878272399e-02,2.818164867728894379e-02,6.242710751762114985e-02,-3.297635771245019821e-03,-1.287607666767665547e-02,-3.497371748765715216e-02,1
-9.934967888598819630e-02,-2.429761293924953200e-02,-2.006371600474295136e-02,-2.485591867993910964e-02,2.241756768554597698e-02,5.753342333347875176e-02,5.335059331911402858e-02,-6.726478387052961007e-03,1
1.232489647072573108e-02,-8.354643867420819339e-03,2.867107664254152366e-02,-5.172978511149940034e-02,-2.796110562300638865e-03,1.163636322576144279e-02,3.835945867424100930e-02,-2.331765955651897426e-02,1
9.070195678030057440e-02,5.573146566968260190e-02,-4.656008183191844702e-02,-3.098338848881122126e-02,4.831898327886952060e-02,4.956483720063561971e-02,7.287734262870099178e-02,-1.252186059986231358e-02,1
9.095928154968384999e-03,2.352442822650294835e-02,-1.653113952082219465e-02,2.542845826275761095e-03,-3.172179128247916424e-02,1.616108166874383179e-04,-5.769208300494745468e-04,5.385571825926136619e-02,1
-2.089297434311097532e-02,-4.516830983867090726e-02,-1.057752214819256131e-01,-2.392341048047314303e-02,-1.170092289535336338e-02,-5.431284480619821137e-02,-3.857742579700839530e-02,-1.223855571744460538e-02,1
-5.349391437304350239e-02,-3.109701435480755408e-02,4.175102033878815531e-03,2.497426372586276228e-02,9.393399530019849383e-03,-9.863350355509477654e-03,-2.798739216493361867e-02,4.289090706355813687e-02,1
4.314060801442682475e-02,1.636149732849013008e-02,-1.451049792053280690e-02,2.169924846836417121e-03,-5.016371869891451951e-02,2.657334905256022659e-02,-8.001208888147269549e-02,4.692831832275955878e-02,1
1.822104136649663197e-02,4.473976804618907954e-02,-7.532169076345092418e-02,-2.494805994436164256e-02,2.153797402081463613e-02,4.553818357513478993e-02,1.060275365300674955e-01,2.795490859703061992e-02,1
5.659858826892321532e-02,1.617649015909556134e-02,-7.277016120907321695e-02,-3.143101279219900207e-02,9.182670311350162040e-02,6.850249469978635097e-03,-3.710925860322127068e-02,2.039438708438712222e-02,1
1.537287411234414388e-03,3.437858533696542054e-03,-6.653014356809322516e-02,1.619615781278998991e-03,-2.645736298522389368e-02,6.802147445435612061e-02,3.175551858188708446e-03,3.180950221392680327e-02,1
5.877981730601775090e-02,3.207086707517101815e-02,4.538645919259401418e-02,-3.874950734449665590e-02,6.519013441081214499e-02,6.289190241941221282e-02,-2.693261474583832915e-02,1.775929735305181723e-02,1
-9.575603997575295179e-02,2.407123450516030286e-02,-5.246412324469556382e-02,-6.874340800438027976e-02,1.036046884606545496e-02,9.908451844751630169e-03,5.471160299899771595e-02,-4.572352680233948002e-02,1
4.843937761021632066e-02,-5.959541518061697157e-02,-4.617142830262663256e-02,-4.139064842493478326e-04,5.845016638554650229e-02,-2.132597619383718932e-02,-7.522447730021797341e-02,-4.308275604981299731e-03,1
-1.504120047074746468e-02,1.012735029499011070e-02,1.610366881842011794e-02,2.695307423207356570e-02,8.026342324546438534e-02,-4.837753981505538495e-03,2.755895538950856732e-02,-2.032360462318837796e-02,1
7.787486023904620185e-03,4.867418511797342445e-02,-3.934680684980670917e-02,-3.265396629188419518e-03,-1.639305581802380854e-02,1.672034252899470483e-02,-1.887063559283246733e-02,1.234012158005544368e-02,1
1.916463620138858168e-02,-2.278019537572643222e-02,4.663416347480777574e-02,1.341096975391549428e-02,9.856729848403303351e-02,-3.917374685496012587e-02,-4.330586406863692200e-02,7.057589968412955606e-02,1
-1.426873406170418856e-02,3.267915755672923250e-02,3.871432358459367395e-02,6.251052567979901997e-02,1.649910690458377890e-02,-2.799350631247484247e-02,6.601579378317160018e-02,2.594185627961166987e-02,1
4.598421011369982492e-02,5.321877061665136049e-02,1.842951560488868823e-02,1.559513840242994975e-03,-7.409348988301578398e-02,-2.320881577151076569e-02,6.827136836465247383e-02,4.461562022440185293e-02,1
1.248000396898389930e-01,3.852546429228216607e-02,-2.123126712058688581e-02,-3.128937417085278505e-02,5.466610495361088305e-03,1.207208743558825514e-02,-7.347372598560605872e-02,-3.551893667928057025e-03,1
1.775030009768524195e-02,-4.693800584191773484e-02,2.151680046095967927e-02,2.600030556474473495e-02,3.380430038648088442e-02,-4.540235412531508363e-02,5.430645061427921000e-02,-1.244281830467636185e-02,1
-5.318652784155882690e-02,2.642557693507887814e-02,5.446155941585500287e-02,5.113383456673619050e-03,-1.490641750386798026e-02,3.203210416050662757e-02,1.042003804551816862e-02,-9.013745567908995962e-03,1
-8.518098658903043574e-02,9.638255612068219458e-02,4.315241439988315442e-02,4.865593305786206719e-05,-4.556916782704689001e-02,1.638869562808817175e-03,-3.240705190376075989e-02,-2.989209934260681628e-02,1
1.386533492752258824e-02,-3.139155484997806222e-02,1.102517047470468088e-02,-1.469340770753043562e-02,3.207102316795625713e-02,-1.007217811998344570e-03,-2.448055213621450760e-02,2.261840411085759214e-02,1
-3.879824675855837735e-02,1.046155406598660992e-01,6.831629454059170992e-02,1.062645177604164964e-02,-1.011553201899425825e-01,8.729837031021856581e-04,-2.486764860274840588e-02,-5.350995295682889341e-02,1
-2.538366286566529073e-02,-1.135348604092801736e-02,2.246890248482054722e-02,2.748285766669298844e-02,-4.863277414588228903e-02,1.938711722612480176e-02,-3.903514994902231028e-02,-3.940907046363453792e-02,1
-5.837048447005276086e-02,4.583717571272447056e-02,5.716975871460677934e-03,4.130082823851456003e-02,-6.936466212114906008e-03,-3.399001795124572539e-02,3.411664705244941975e-02,-1.586536893174676777e-02,1
4.486504211902027361e-02,4.361800634999991183e-02,2.534270370395109648e-02,4.651688327012311330e-02,3.467743211601743286e-02,-4.879538900235465965e-02,1.019111782702082462e-03,-2.802870396703235206e-02,1
3.089249474182010138e-02,-2.303067270934378366e-02,-1.736195460844666694e-02,-2.078680510890417235e-02,7.017521001865822949e-02,-7.955595338582303888e-02,4.776088456915936024e-04,-5.143778525628308132e-03,1
3.739444337952629177e-02,-3.019126718804724871e-02,-4.039094042773644366e-02,-1.355710222099741624e-02,2.268083546310719137e-02,4.388980990573854157e-02,5.263538404055717601e-02,-4.879652096503349357e-02,1
-1.224693207768843758e-02,7.718696999907985468e-02,-6.467280307051018196e-02,6.851963467245381079e-02,1.765784719395363522e-02,-5.098731516685210685e-02,2.375804358163928487e-02,-2.827348313367332791e-02,1
9.084473278506781033e-03,-4.355403328060018786e-02,1.413900552631990569e-02,2.751889658465621682e-02,8.789416961129640701e-03,8.000109688517793860e-02,5.206105703285423755e-03,2.213523640536093143e-02,1
-3.308647377736396999e-02,-8.469228448887278216e-02,-4.042364339327991600e-03,-4.086825760643680860e-02,8.304176118985867952e-03,1.816619027214748036e-02,-3.012700360201478814e-02,-6.968364772143830974e-03,1
-1.080376689107046539e-01,-1.108140761714318349e-02,-5.223920151657027167e-02,-7.944004353518996364e-02,4.347214496873317083e-03,7.675774285813646847e-02,3.386633382652492336e-02,3.714711990847164441e-02,1
-6.231117655645944386e-02,5.518068556315725362e-03,-3.266526369846804723e-02,1.652281843840270811e-02,5.327438630181259571e-02,-1.192397440738713482e-02,-6.662723675063246358e-03,9.852678225746651364e-02,1
-3.891532451535845150e-02,1.915941711094107727e-02,5.935197703351279691e-02,-3.232165022306302676e-02,1.840503035774198985e-03,-4.377780882799568035e-02,-1.769784661483044669e-02,-1.946348237893489805e-02,1
2.109949649159778909e-02,-3.175388313438579080e-02,-3.608555617253072362e-02,5.911440994573599617e-02,3.856665163850830219e-02,-1.855407003149549955e-02,3.091695098698062083e-02,-7.249531990887597699e-03,1
-2.669086449658896951e-02,1.391085283150657152e-02,-2.825387883892789900e-02,1.185493053967565102e-02,-3.849097455819093516e-02,3.996076490852483454e-02,2.796391980932315391e-02,3.039410119433596028e-02,1
-6.539622359723024081e-02,9.218323251619099309e-03,4.201490921579083965e-02,5.334894964214486474e-02,-2.717293405118849717e-02,-7.929635093748647889e-02,-1.208615525828178605e-01,1.013458209308319528e-02,1
2.004892948779456174e-02,-2.819952351868445367e-02,5.582802313296677393e-02,-9.017186566809121118e-02,-2.222040904201406236e-02,-7.842867945926883591e-03,4.587785146755445770e-02,9.213542285807712479e-03,1
-6.918206963920978114e-02,2.605915882635895242e-03,-5.590917034738041025e-02,3.307012562161328745e-02,1.014809959254879546e-01,-9.715930698924077347e-02,2.570294886891671959e-02,5.075997650842383087e-03,1
6.379584098990435936e-02,-2.559411253294650856e-02,1.435694715306819365e-02,-4.092765544697634511e-02,-2.651589609998449004e-02,-6.352093435736772898e-04,5.608363022612268545e-02,7.365705225772489761e-02,1
-4.085319735468212476e-02,1.685132487211525674e-03,7.265425593245115887e-02,-1.411465671027892395e-02,-1.900296445388481234e-02,7.413718485551365305e-03,-6.023996098318578490e-02,-5.413932311708927192e-02,1
-2.392202320831350246e-02,4.170884812021698196e-02,-3.732538016711071244e-02,-3.571098975720501251e-02,5.141230494491777492e-02,8.328657181323109726e-02,3.882512715752216986e-02,-4.681192672106052055e-02,1
4.831837321789757278e-02,-4.380693134452179338e-02,5.593159778526111264e-02,2.839457128106749606e-02,1.533164083555528870e-02,-1.255840729434346686e-02,6.657886108832460070e-02,1.526939260387629935e-02,1
8.235772465602095652e-03,2.462752208944817695e-02,-1.231418296897302325e-02,6.509361113895134610e-02,-1.748841957527248747e-02,-5.262971917815083972e-02,-3.173654229091436157e-02,1.853505516175167362e-03,1
-2.639066245264293578e-02,-6.036872561939880116e-02,8.828326158319098338e-02,-4.675832592311437996e-02,-8.663033409758972084e-03,-8.776452824409401721e-02,1.283409200858887274e-02,5.455400786240974242e-02,1
-1.823528864206253736e-02,5.390859276747106410e-02,-4.517444063490883704e-02,6.004428678024842370e-02,-6.015548503049227003e-02,2.337002310562557791e-03,2.984821731313139909e-02,2.806388861049683575e-02,1
2.294229360936551887e-02,-1.509468064521840222e-02,4.425426131232606392e-02,-1.687192001669762798e-02,2.481307579877225101e-03,-1.455869080380172743e-02,-4.503375292919679397e-03,-2.363223656316080362e-02,1
-8.698215449519632048e-02,4.004915837464943090e-02,2.251130985977694426e-02,-3.040598533119146657e-02,2.149486417201887031e-02,5.360974255313526865e-02,-4.780778567159882364e-02,5.999561636704499323e-02,1
-4.442112236559533217e-02,2.022195305444186072e-03,7.346524487506414514e-02,-5.265142603774172758e-02,-2.239077138649251189e-02,-4.100095353613358168e-02,6.904499340559644427e-02,8.572039421210486676e-02,1
-9.543402136337661434e-02,3.623166611260469905e-02,2.604952327881449731e-02,8.590871130162720803e-02,3.018135092805276920e-02,3.685360352558073038e-02,4.367712042834893948e-02,5.535790600093210001e-02,1
1.489606084592736725e-02,3.797009097996503074e-02,2.888874453918807358e-02,1.230584671143659242e-02,-9.302115921533066559e-03,1.034391904310196127e-02,2.607870928473406125e-02,-2.427577815650796764e-02,1
-6.930772310350374887e-02,2.946777485145258765e-02,7.370046217060084726e-02,-3.903450169869668307e-02,-3.092182901235457360e-02,1.617418574828816125e-02,-2.231166036644559661e-02,2.349406606414372947e-02,1
-5.196410492084221205e-02,2.585767446301916531e-02,-3.428762040620845358e-02,2.602302010547537583e-02,-2.379802697350995311e-02,3.814864379503935671e-02,-5.909401564831993914e-02,-9.010798781684102197e-04,1
3.344117972828681423e-02,-2.217540813832094906e-02,-3.592139909835258212e-05,-2.388527864427930636e-02,2.387780165711021058e-02,8.180117801441065192e-03,-9.921497001664088614e-03,2.443553057783267798e-02,1
-1.517028216733446074e-02,5.451456050849388252e-02,9.639266082827130377e-02,7.416551433097626732e-03,-3.527003041499924413e-02,-4.864928466645974947e-02,-6.436567240696028369e-02,4.856681069041189625e-02,1
1.127140986624605157e-01,1.925864858641888541e-02,6.998899008832745738e-02,-2.357409969303233058e-02,-1.298057009969608849e-02,1.950159907692994646e-02,-5.962683258802278091e-02,3.430475974598684585e-02,1
-8.850618053690847975e-02,7.187063808738278214e-02,-4.579633768034614179e-05,-7.275470756167896902e-02,-2.259359636712464717e-02,1.250875159737420070e-02,-6.264046373828761893e-02,-4.175008196030729340e-02,1
-5.878092323850384049e-02,4.988861841057828928e-02,3.561987944783868727e-03,3.268194905378464521e-02,-8.699896553649312525e-03,-2.309060451470873118e-02,4.672372844110571355e-02,-2.667820378541889761e-02,1
-1.172584199787772043e-02,3.576135949928608421e-02,-4.049817708539940955e-03,3.549712750024272556e-02,4.649503550551838116e-02,-5.018474605561119677e-03,7.813746458672293782e-02,-4.678729776004692323e-03,1
3.535603938684383357e-02,1.165136556934282808e-01,-1.912957004944266376e-02,-4.760264694517912960e-03,3.654761091177735361e-03,8.105266748040469704e-03,-3.821418302773479242e-02,-3.678088958755766635e-02,1
2.353881054304551163e-02,-4.066627437781492049e-02,8.630605212514998181e-02,1.583085611278165633e-02,6.405040725667379697e-02,-4.931168191273350293e-02,2.598666122496844436e-02,-9.988920902885948822e-04,1
4.672570311543667622e-03,-2.502783048169709285e-02,6.634680000586315463e-02,-1.392489814913827964e-02,-3.420021810859685471e-03,-5.163541266268864560e-02,2.787684177443162936e-02,-5.611138419061612731e-02,1
-3.130960089134253443e-02,-5.902879480182866151e-02,5.780426201958266397e-02,-1.795058511868011936e-02,-1.013720171436658518e-02,1.845278474926250259e-02,-3.295995401560368465e-02,-3.657468238353155793e-02,1
1.756438535628784131e-02,2.669019363832213221e-02,-6.617127333870884143e-02,-3.898896192366259339e-02,6.178754286741146989e-02,-7.550183640076611746e-02,-2.423511022360572142e-02,2.573982038302093534e-03,1
-1.004921484096642573e-02,-3.085032987649417250e-03,3.479992956412402555e-02,-1.180871284252675291e-01,-1.485370895815205962e-02,5.826658972330370050e-03,2.170033013779229525e-02,-2.814776359766804278e-02,1
5.933296403201605146e-02,5.456259816830522774e-02,-8.630290529055588411e-02,-3.278760144688017825e-02,-7.915033621170103340e-03,7.831733961408130634e-03,-2.087875461445456993e-02,-2.865212592662820523e-02,1
1.206724939082628317e-02,9.107943925731993087e-03,-6.041222642598042224e-03,3.787019926493810640e-02,-8.284108193818447152e-02,-2.450498708690637337e-02,4.952208924182340682e-02,8.999380792367277226e-02,1
4.089666052942710767e-02,4.301761797360532241e-02,3.336925515836716705e-02,-1.941508566041681705e-02,5.373891572033637903e-02,-2.542169562316274473e-02,-2.838053893304615799e-02,-1.660470114511364281e-02,1
6.569755985261080400e-02,-5.958505945739558246e-02,-2.626609417266609001e-02,-3.171457679124985163e-02,1.418981044983207707e-01,-1.094917569664830437e-03,1.898381096560194242e-02,3.277592552479551002e-02,1
-4.690629134171783732e-02,8.792038184442318993e-02,-1.225429385286922954e-02,-3.437280720758331513e-03,-1.027286844321023511e-02,-9.057778844123008655e-02,4.510922408815618186e-03,-3.507517845542348738e-03,1
-3.743845011788225763e-02,-5.637183658395476110e-02,2.515577903402006071e-02,-2.999466648752200162e-02,-4.442178500913370603e-02,-1.834786698957325060e-02,-7.870061853321808076e-02,9.759180527160937757e-02,1
-4.901661847751774548e-02,-3.343460701873596924e-02,7.104465984745486629e-02,4.750391875931052332e-02,-3.149423258926640264e-03,-7.197663543704011261e-04,-7.111971390471442944e-02,-6.740355225214082757e-02,1
-6.954310250590828302e-02,3.622895944258513329e-02,-2.943043827224446976e-02,-2.286195373045224119e-02,1.422936593084297117e-02,3.777973039480847506e-02,1.529438788404204400e-02,6.232106300743305016e-02,1
6.533584586338671285e-02,4.686245672754232872e-02,7.451154686891085788e-02,1.164221590378920583e-02,-1.418988452284003152e-02,6.196356975985898435e-02,-7.083757545560258849e-03,-4.035774023506608771e-03,1
2.660528364007289093e-02,-4.113570756539566137e-02,4.315986238384597606e-02,8.560130452664303780e-02,-3.286747139708623595e-03,-3.954076320711412407e-02,-7.570212694892229643e-02,8.000008171542287438e-02,1
-3.496914112318096762e-02,-3.047825059420506202e-02,1.117462323472651238e-02,2.714707584918859412e-02,1.576863639607484126e-03,2.711088429858503346e-03,-5.472882453598088871e-03,4.859498768149183440e-02,1
2.937070057890729669e-02,-1.938977409236774738e-02,3.488128190942117041e-02,7.791746206477331849e-02,3.062128313063595605e-02,-1.059448272251419486e-02,4.009849885261840274e-02,1.362007455310102616e-02,1
-1.153104088295441552e-02,-6.175652635555060888e-02,2.796392778997445344e-02,1.115407010222565533e-02,-2.151133183577935704e-02,-2.120610598310338282e-02,-5.797002322507500971e-02,1.658189220165222008e-02,1
5.286050398057190458e-02,2.119283333342458081e-02,-6.855656714552800512e-02,4.012022794814460586e-02,6.119874011601765529e-02,-4.638557572035442028e-02,-1.524003296999180967e-02,1.370874863402823940e-02,1
-2.015777417623500212e-02,-2.026483280805789489e-02,1.576619487351909113e-02,-6.997756288741230520e-03,3.613547571243879569e-02,7.735968889695817030e-02,4.567749215634986371e-02,4.720349266991100134e-02,1
1.213288383549368521e-02,4.255105458863675527e-02,-1.851682336002033469e-02,-8.625132762855038104e-02,-3.499043626574539073e-02,3.943892740493224955e-03,-1.598210703490592424e-02,-4.710897328552048069e-02,1
1.018033719106454561e-04,2.974362603014489917e-02,-1.102973490856423017e-02,-1.572554387669330631e-02,2.584793060204021095e-02,-2.975414674594930795e-02,-1.447335555393710338e-01,2.447741770393798907e-02,1
-2.579794822127922174e-02,6.129716651363643215e-02,-4.591219520926518617e-03,-6.178535790141253398e-02,-3.668853482452429701e-03,1.746850375992855392e-02,-9.015132558634518511e-02,2.737237735377717057e-02,1
6.405455472539009487e-02,-1.756167745440292971e-02,1.472939143541929750e-02,-6.185527078935125489e-02,-8.347895387922281418e-02,3.159644161703030474e-02,5.518283496280596695e-02,4.033298510213062169e-03,1
-4.415992086077405454e-02,3.239864552819549798e-02,-2.372063420984659929e-02,-7.088816549843895629e-03,2.707122668891063372e-02,8.310893954733876432e-02,4.564586855869332688e-02,-3.847681614404206696e-02,1
1.997974339118971029e-02,-2.258187223581393718e-02,1.162539351599188933e-02,-3.633278638099083496e-02,-6.115091040058477818e-03,-7.221340102999382338e-02,1.780374877981376683e-02,-7.514185581946911108e-02,1
-3.826473711874673472e-02,-3.357902584685839437e-02,-1.531566432165756310e-02,4.310075113201095043e-02,-4.973246682623017750e-02,-8.215402757501918951e-02,3.501979361028559595e-03,3.410048107344482160e-02,1
9.407638132462141367e-03,-4.811854946147162138e-02,-2.142230876876262055e-02,-1.754256052114598272e-02,-1.380186178125204256e-02,-1.120751269637831199e-02,-1.185207971652244528e-02,6.649246062438086968e-02,1
-4.515725537813784080e-02,-2.946934957246675341e-02,7.335807852464965549e-03,-3.891599619193634313e-02,7.837453259273452835e-03,-1.334480570403876465e-01,-7.724382686709801993e-02,7.216505630360310619e-02,1
-5.728852199292468195e-02,-2.635351144688193904e-03,-4.512441447591298421e-02,-5.079971058930370098e-03,1.272649840922012755e-02,3.785026026924423557e-04,-5.562862966294164491e-02,-2.304746960591611687e-02,1
-5.563918019672316889e-02,1.607585777238093941e-02,-2.198240602861347218e-02,6.737324289280525146e-03,-6.501687172993368680e-02,3.200645759725338768e-02,3.016080268288758373e-03,-3.712363288633178243e-02,1
-8.997185241619953810e-02,-8.531128020724721220e-03,-7.695330952582037564e-04,-1.053477270334106375e-02,2.421762137356782245e-03,7.430478812914047271e-02,-6.111994192467732484e-02,-2.971128956815298136e-02,1
1.078496928326147828e-04,1.256743522539529451e-02,-8.016873682758685060e-02,4.004785973294378715e-02,-1.461723148097929074e-02,8.075173795090728746e-02,2.557502552932223658e-02,9.259329801855449571e-02,1
4.170714672896420200e-02,-4.083114171387956098e-02,5.452637215524638176e-02,2.587557981678211341e-02,9.750461594219312841e-03,3.348951409073688823e-02,-5.647546152532308822e-02,-3.612696053412719436e-03,1
1.547161578429852996e-02,-3.693325450733710158e-02,-3.601623119350123858e-02,-8.009710325282023979e-02,-2.841474989115111774e-02,-2.077852182191838176e-02,9.925355685149495066e-02,-2.200595150372268091e-02,1
4.099938007217083374e-02,-2.004883706002605001e-02,1.159540427331435392e-02,-6.192679555095818161e-02,6.684393831159785027e-02,-4.042139332195653079e-02,-3.358594016123539472e-02,-3.187973337271753083e-02,1
-3.014178065029994580e-02,-1.377187659041415914e-02,1.753293704244476836e-02,-6.797138592274079572e-02,-2.598449602530826519e-02,-7.118988370439623993e-03,-6.393233424515777641e-02,1.225960969401899449e-02,1
-4.779174187492238324e-02,2.967268641487965080e-03,3.493964148559173394e-02,-9.229115333460574666e-02,-1.006847772217630693e-01,-4.366659594799468633e-04,2.483427542698651500e-03,-1.547915589714776198e-02,1
-2.232308657989415246e-02,-6.227678378974164236e-02,-7.325605163452990516e-03,4.867185566456878887e-02,9.941012852020547370e-04,8.485730666210238027e-02,-8.780108868463853966e-02,-7.817468673403899643e-03,1
1.000363998397440918e-01,1.097524305243540929e-02,2.309489303924241316e-02,-3.882333892364051020e-02,4.759992673075000985e-02,6.005549112841752869e-04,-7.929224708784772535e-02,-5.351935133470180073e-02,1
2.235038225610908600e-04,4.395991483190580390e-02,-6.698525012234829781e-03,7.014824393294587235e-02,1.138683065794074585e-02,-2.312671120665159286e-02,-4.865592508254999726e-02,-5.150143626998341523e-02,1
-3.073592251399030490e-03,-2.385461813869625344e-02,1.038118268452898479e-01,4.660013122262997992e-02,3.413565218953878294e-02,9.447195690728961252e-04,-4.340513364853841420e-03,9.434052391370201240e-02,1
-7.019529396738561321e-03,-6.806053004825188268e-02,-3.771788322652191300e-02,8.062867239987402818e-03,-2.899552793712046467e-02,5.401724152654168581e-02,-7.980373279964896038e-02,-2.955261944351372100e-02,1
-5.418108185638693258e-02,-3.923179184566470343e-03,2.226699884289360526e-02,2.637272361064239845e-02,1.122667500455978677e-02,2.653208642979420009e-02,2.728821027035157470e-02,-5.590358893691258629e-02,1
5.595511517072598168e-02,-9.606164705078619470e-02,-1.835238500904406642e-02,-4.658638352034983471e-02,1.338589310705440294e-01,2.593291447966357063e-02,3.619771477443942120e-02,2.088444156136298052e-02,1
5.394967020022486265e-02,-1.910108245279338495e-03,-9.137177560448846159e-02,6.826617397678931554e-02,3.091225865109564763e-02,-1.030295088360662636e-01,-1.255261223175838450e-02,4.397839094063873272e-02,1
-2.751361404096067456e-02,-3.856187206296951553e-02,2.522537554104423499e-02,7.716991711522976256e-03,-6.055920764099420595e-02,2.725463194668765674e-02,1.413479124917970953e-01,3.931109663783016739e-02,1
8.879625222540304952e-02,4.801624715206553699e-03,2.464975953380747070e-02,1.091781928270406238e-01,-1.812006392229819837e-02,-3.139542620123552535e-02,7.274874061432279326e-02,-5.338244230772407062e-02,1
8.123329763166287423e-03,-1.344391120979275371e-02,-1.716170591793004727e-02,2.523697250260600877e-02,-1.242703820962955466e-02,-1.540143203032223913e-02,-8.535258632758549457e-02,2.077466740315570687e-02,1
5.632412964774736325e-02,-1.707677535297030466e-02,-1.205340292803183944e-01,-9.202912218659349552e-02,9.051632703920914347e-02,-5.773921022812045873e-04,7.465242050582845609e-03,-1.342594439797211055e-02,1
-6.909888247064685518e-02,-6.865646986980072919e-02,1.815125143830990939e-02,-4.927457529832554584e-02,1.933440340439842794e-02,-1.197061617492758447e-02,8.023639142893047166e-03,-8.332945599336419318e-02,1
-5.447157020008257938e-02,3.294147681313295412e-02,-2.710721540817882455e-02,2.021389288219367295e-02,-6.079944538451516334e-02,-2.464893637918707386e-02,-6.309293582018517255e-02,7.753581366339784564e-02,1
-2.090872873638623120e-02,8.364762539359196780e-02,6.400975159515309709e-02,-5.617271813568835981e-02,-8.581526841553106799e-02,-1.837755324698401465e-04,9.968567335851188926e-02,-3.706576185527958589e-02,1
3.240011259907632502e-02,1.146307916524115789e-01,-8.406943646678807780e-03,1.488709931340215925e-02,3.023516829113898768e-02,3.965242721601552195e-02,1.009398825362222904e-02,8.563480677866407154e-02,1
-1.740596195329117968e-02,3.374856236459591180e-02,-6.574149880662526202e-02,3.771773883959696639e-03,4.585566494346001581e-02,-4.238163070944239025e-02,-2.784342352547396204e-02,3.120193502136354644e-02,1
8.887113816337197103e-02,3.775099778759778701e-02,6.934436732065804576e-02,7.909924660408515495e-02,3.614570777322859141e-02,5.485789978101610759e-02,-4.439800120296685804e-02,-7.108988827430906543e-02,1
7.419719159668500263e-02,-6.733251385814686962e-02,7.137147074666543023e-02,2.988503532166915735e-02,-2.694410045094509931e-02,-4.957893742290482575e-02,1.010200940155310534e-02,5.219035863064656888e-02,1
9.690226480720366686e-02,7.174667664345989702e-03,-4.813219348286073423e-02,2.529450596850783828e-02,1.264981051364525572e-02,6.009486666414663031e-02,1.478294120161164835e-02,-7.531998039669025868e-02,1
2.674704246121696605e-02,-4.540447618582799105e-02,1.260414845929904229e-02,-9.076000980501450210e-02,-9.135695863739592970e-02,-6.489139822394714152e-02,-1.111769666031070247e-01,-1.931797730126210647e-03,1
-1.626041021060182015e-02,3.513831758175390424e-02,-6.426449179678658113e-03,-8.106658982275430358e-03,-3.177326684020075759e-02,-1.877187136331769004e-03,-8.535977015687257197e-03,-4.748977730176545675e-02,1
7.605244721445667683e-03,3.334028544607359201e-02,4.514080525561630503e-02,-1.372873926085320731e-02,1.429312416519996042e-02,-7.477764179083941365e-02,3.715113230848249293e-02,-3.273376579086899330e-02,1
1.371050552418962842e-01,-6.780013468514055341e-02,-5.629761198926402921e-02,-7.748195774269932279e-02,-9.408363337660045206e-03,1.486517000230780199e-02,-5.761423598006591013e-02,-3.454481184499075264e-02,1
4.684058252675970396e-02,-4.819965645962205614e-02,-1.575563381610141714e-02,9.667836564399900912e-02,-6.310498570019794362e-02,2.795963501228385453e-02,-4.611235863674448959e-02,-6.305500934480311181e-04,1
-4.990533271784192149e-02,4.398427801453957259e-02,-3.423365806390091942e-02,-4.259984141607819734e-03,4.058291152515956790e-02,-1.038118962795899075e-01,-8.399236916280758414e-02,-2.905570258072500897e-02,1
-4.677799822838782373e-02,6.202803685426442476e-02,-1.003849195177206194e-01,1.483193204343811154e-02,-4.799932763633907307e-02,3.150228878300525117e-05,-3.180413663449692396e-02,-2.935851460441403493e-02,1
-1.285587998923558295e-02,2.263795909120294020e-02,3.033247559283924928e-03,4.306451272179422779e-02,1.979802438725543692e-02,2.155870540547760728e-02,5.718058585467457322e-02,-9.215879642226606702e-03,1
4.139815522231039130e-02,-4.145014980117091297e-02,-9.986521579347810984e-02,-1.105705214147571919e-01,-6.553595894894456014e-03,3.373139725743285605e-02,-9.860820514398098424e-02,-3.493728399359785630e-02,1
-7.267607259938274611e-02,-3.329339893237523440e-02,3.808070991329948456e-03,7.900806873865187652e-02,2.201529193757230732e-02,-7.247002810926590766e-02,2.893659317142694212e-02,1.136825932437958847e-01,1
6.249770478056954071e-02,-1.935990755690700574e-02,1.548315181645638049e-02,1.368329031847727653e-02,-2.257125352694046988e-02,3.323341189726201905e-02,-4.059407152831476240e-02,9.957918855372718467e-03,1
-2.255652139143114396e-02,6.026814118952772241e-03,2.975425722751063456e-02,-1.930994068001704034e-02,2.999334972137219710e-02,7.891295446198281008e-03,-7.717957432881665525e-02,4.908773043811098802e-03,1
6.598593347347524174e-02,8.163914920181116613e-03,-1.534107443848211315e-02,3.559276342887682937e-02,-8.730045123935402385e-02,2.826276719587782205e-02,4.372145972917957507e-02,3.524762638964062250e-02,1
2.663098859419934985e-03,-2.428344428587370096e-02,2.939384399326125386e-02,1.322270518748709829e-02,-1.511432870608202250e-02,-1.159491348447097385e-02,1.677694555737312826e-02,-6.200915851375805345e-03,1
-4.642887519356338200e-02,1.877919242426720134e-02,1.764541179983614497e-02,5.289895651807643984e-02,1.999608867235537490e-02,1.398737153473783058e-02,5.768349092250056598e-02,-9.041435076195309187e-03,1
-7.652528476911603372e-02,-2.894839700510717928e-02,-1.204165820092233975e-02,-4.826406159250566652e-02,-4.318674825091586150e-02,1.317967459570772992e-01,5.818907876492308145e-02,1.288316935859713241e-01,1
8.642780050267338116e-03,-1.076578678454743754e-01,5.010416139528086482e-02,-7.924460654681440841e-02,-1.051567979609585729e-01,-3.700150331335815262e-03,4.425233105038643006e-02,-5.023691840792931206e-03,1
2.426280431141898501e-03,-3.978296199950275003e-02,6.130479555381451034e-02,6.065660390437400268e-02,-3.510688700178047489e-02,-4.092251622131812261e-02,6.110366472772515295e-02,-3.508225145022350155e-04,1
1.867773647385738423e-02,-7.112792622649666795e-03,2.792934349848743072e-02,5.901703621217939399e-02,2.731852680226685981e-02,1.129278795031307819e-01,-3.847277402760891640e-02,3.729979393371223029e-02,1
3.292270652335953229e-02,-1.826623392533257423e-02,-9.022664151647442898e-02,-4.627167429639322122e-02,2.417702814454740501e-02,-1.197214187815250769e-02,7.821436397328547507e-02,5.259150014693797504e-02,1
2.776062111256563311e-02,-9.077569371034334422e-02,-4.582802411983410984e-02,8.087367440045134526e-02,-1.660912323126216908e-02,4.222819786242577172e-02,3.626310733949605208e-02,9.935001565563053583e-03,1
-6.980424603024608377e-02,-1.391238869968270953e-01,-1.130768512011052183e-02,-4.666314102751931148e-02,1.096068622644044005e-02,1.787586911975860143e-02,2.041816864390653963e-02,-1.429328596981497765e-02,1
1.210709770449861812e-02,-9.730237831594431425e-03,-4.834530371334624585e-03,4.890771050820452714e-02,4.279089946594222260e-02,-3.744444110818938992e-02,-3.374024485955502001e-02,-8.906097548143759521e-03,1
3.558017687696519299e-02,-4.095374047221363167e-02,4.757393131855851970e-02,-3.384207254026814354e-02,-4.957798985828854726e-02,-6.547438341570060993e-02,-4.643938871332853324e-02,-1.013014416399907053e-01,1
2.928150881797640659e-02,7.014297864602302146e-02,9.946828810194432990e-02,-5.365102253191549042e-02,-2.216130309033997187e-02,9.615073473364300904e-03,-4.046193359826972397e-02,-1.504036415236972325e-02,1
-4.522743054622004738e-02,-5.026381081029686337e-02,1.378906376910337718e-02,-4.198981076667248485e-02,8.313584907781289279e-02,6.653566604834029730e-02,4.318344717822802936e-02,-1.500819995339504054e-01,1
1.038380594727240230e-02,-1.501418696274806758e-02,-1.005176985183879879e-01,-1.701490962297927054e-02,1.406255180541242655e-01,9.576761475722141148e-02,-3.952688163567424917e-02,3.124589566299328450e-02,1
2.762490903952302679e-02,-1.175669395546946779e-02,-7.242439234381325801e-03,8.444821088186132974e-02,3.691013938944115100e-03,5.548840920368316304e-02,-5.104595846184850627e-02,-1.648703110834575519e-02,1
7.569069327422243976e-02,2.737567466355543804e-03,-3.025061078658080813e-03,-2.994248671615425475e-02,-1.937512393520791562e-02,1.643469881728636464e-02,-5.859049812954766727e-03,-1.903090861737447015e-02,1
-5.822682805464828547e-03,3.600631506820389793e-02,9.151602693320963489e-02,-3.115068833687309469e-02,-5.206525049474184513e-02,5.427057978679212386e-02,-5.614903194742680570e-02,5.301950588945208986e-02,1
1.844507907870547928e-02,2.095381085679272684e-02,6.487902947892007499e-02,2.488974348703813788e-02,-7.939292081453265537e-02,-1.011380568627106603e-02,-2.160308444678385800e-02,8.271006326904882522e-02,1
-1.584095988456239723e-02,3.482220555037613546e-02,2.561994177067825756e-02,7.789099269533477851e-03,4.337607043425125569e-02,-3.343452601182460987e-02,4.169380759639937373e-02,-4.799909217600653588e-02,1
-1.266652000125391767e-02,-6.712146936718919876e-02,3.529811417728806727e-03,-5.596635883571035586e-02,9.680834024867801535e-02,2.236915732064126416e-02,-1.095204578249287103e-01,2.358881776300515015e-02,1
3.976488295737239109e-02,-2.361518533204324047e-02,-1.825839086897611263e-02,2.812221753331722862e-02,2.620645252862643243e-02,-2.801153436544024863e-02,9.218623990909412258e-03,-1.727455342567136773e-02,1
5.409483703720681380e-02,-9.061089858715841092e-03,-1.735936919459610261e-02,3.823579114631862202e-02,3.494368661827413486e-02,-2.305236981602496946e-02,2.464269753748774688e-02,1.677922119063715925e-02,1
-3.250566406910136968e-03,-1.508475207371645643e-02,4.491433955291898594e-02,-4.072415664846333605e-02,-4.172633804730132429e-02,-1.150157161693520294e-02,4.033888530430770197e-02,8.782087706724082954e-03,1
-2.314449043566606246e-02,-3.579368397080043285e-02,3.385758439211423304e-02,3.339612509985350614e-02,1.770981910154826103e-02,3.103094894970092818e-02,7.879982260944974615e-03,6.523085377797903373e-02,1
-4.400832256828059869e-02,-4.935638613841988875e-02,-1.465849085379476247e-03,4.455809921808234764e-02,-4.518748878265842900e-02,2.519439865781591872e-03,2.752185485471162624e-02,-8.834850596795948419e-02,1
6.516338496826228066e-02,1.393508415284632276e-02,-3.247848853999279334e-02,-1.271149770357033471e-01,-5.996703037357469651e-02,2.885718774007708237e-02,-1.627278028648990529e-02,4.780876836809527797e-02,1
-3.193871860553887387e-02,-9.294921224834457041e-02,-1.526175332228488224e-02,-5.121130061257379157e-02,4.052323702378047426e-02,6.091910292932838783e-02,-9.270836383467555286e-02,-1.122970586188186751e-02,1
2.489927271336464173e-02,-2.900366211669904923e-02,-7.870721157427160164e-02,3.298573301095576726e-02,-4.065823371382971951e-02,-4.349288206409358815e-02,2.809232097109970114e-02,8.183664065969891007e-04,1
-4.417065227540472455e-02,-8.301768443638521400e-02,-1.046442477080808744e-02,-9.985887520788007399e-02,1.346377730708476703e-02,-1.730791580473087926e-02,3.002693018981188178e-02,2.062057252774291902e-02,1
2.443049482220649091e-02,1.324784127825685658e-02,5.108846781032566967e-03,-3.717816045580664419e-02,-6.589156734451383224e-02,1.743120797632428595e-02,2.853337107656411797e-02,-7.648038858406643048e-02,1
2.929496917533749856e-02,1.256036539090055366e-02,1.117375041865003443e-01,-1.212581970963284295e-01,-4.930284742684238469e-02,6.439551092663785281e-02,1.067567391753534468e-02,2.491553175801982430e-03,1
3.987183239099685583e-02,8.141560862602374715e-02,7.147484428073002348e-03,7.529644095358751111e-04,-1.275737506318816786e-02,-3.847035083908240810e-02,4.498378925103067166e-02,5.965202237745079183e-02,1
-6.304611812311901320e-02,4.345579353250742655e-02,1.055973738380674466e-02,-4.857685673185733327e-02,-1.197069191565797719e-01,-5.751599246609499783e-03,-3.146969901306236744e-02,-3.652624697791799491e-02,1
-2.343737226572508575e-02,-1.277480953456839978e-02,1.391405337603367556e-02,3.879357748463997668e-02,-5.753455574175609516e-02,4.648871374071862628e-02,-1.247767563545790041e-02,7.851548675400926713e-02,1
-7.068448164927979005e-03,-2.263766234954223133e-02,-4.250125400075142196e-02,-2.667537173671933118e-02,-4.314496174719103377e-02,-4.199571684314187814e-02,-5.042667790232829156e-02,-9.204011631427537476e-02,1
1.027118596426201680e-01,-4.169641429623764661e-02,-1.224191888230106301e-02,7.357765220592053790e-02,1.325899617403921045e-02,-3.174245064986085108e-02,-7.088931914004963086e-02,-1.685481557589113555e-02,1
1.247417448862687406e-01,7.127723557948327515e-02,5.907147695589949621e-02,-3.317352577363611756e-03,-4.404974066195176813e-02,-2.691439772748929066e-02,-3.460127414130444862e-02,-1.027315452944811431e-03,1
-8.374519896990786916e-02,-3.522790218206692942e-02,-8.434054215877836991e-02,4.621805397985433161e-02,-5.677745430231783547e-02,4.842838633786410857e-02,1.793449661999565320e-02,6.336576118617534559e-02,1
3.721930768726250394e-02,9.271881355398609026e-02,-7.307558725676709284e-03,-5.855114806311495675e-03,-4.283256276539621626e-02,-1.045519075873238973e-01,-3.969287566789216765e-02,-1.045375807147937153e-02,1
1.920487181126057791e-02,2.780277376749248561e-02,6.752268318295420735e-02,-9.156246439570882301e-02,2.782483237507700231e-03,-3.860495260861454558e-02,1.683762249316714601e-02,5.617801599250517308e-02,1
3.177069712436093180e-02,5.151390088514538196e-03,7.799969256917289005e-03,-3.587542842363036777e-02,-5.023303025478626643e-02,8.746082634383221810e-02,-7.203260489826064650e-02,2.235105710145976823e-02,1
1.667321212249600311e-03,-7.535446140877012644e-02,3.345491315120537046e-02,-2.351110511439574724e-02,1.068737605086841382e-02,8.383310421538839319e-02,-1.127396798048733474e-02,-4.441140365578865462e-02,1
5.523571620075570787e-02,-9.457910207216790877e-02,2.913698572678301638e-02,3.229617246265091557e-02,1.494667293758339122e-01,-4.244409883638342734e-02,-7.186461113278280743e-02,1.447239775113118299e-01,1
-3.589430067247792455e-02,-6.081151338794816424e-02,-6.471214502223218701e-02,-1.491249899747939568e-02,-3.805115176529818947e-03,-3.017548284471836123e-02,-2.905872735515041896e-02,4.523567616449394174e-02,1
-2.965707411082002184e-02,-5.938530437654584472e-03,3.338851196896548690e-02,1.015432210672750912e-01,-1.911530918307401475e-02,-7.422854763975287110e-03,-8.982638247800277947e-03,3.100030562572425250e-02,1
-1.482375841562456713e-02,4.888245278429324131e-03,-3.989229290105563222e-03,6.437740974049392662e-02,3.385197275131525407e-02,4.372130892425196008e-02,3.568615068326748407e-02,-8.234415220844369665e-02,1
-3.315570792327440786e-02,-1.852258111472232516e-02,2.909844366387305450e-03,-3.105274186681234241e-02,-5.965385891560114062e-02,-2.876675511897716642e-02,6.816499528267305763e-02,6.055789717117007059e-02,1
5.415320403174029434e-02,9.052700024913223897e-02,-5.194352334884297373e-02,8.305350280031098542e-02,1.310768138087337574e-02,2.993029786943597961e-02,2.123951954282186916e-02,-7.514006291220690081e-02,1
2.086530311004691426e-02,-2.336879849493278538e-02,2.388138939187429630e-02,5.273622819780366539e-02,5.295170589655917061e-03,3.883861500150454209e-03,-4.072137226066557120e-02,6.648214458675385380e-03,1
-8.868415292614123535e-02,-2.565601684330371529e-02,5.382328590234931182e-02,-1.806338963444100582e-02,3.955295701027663341e-02,7.804606519648890628e-02,-2.100448395817584163e-02,-5.830984325885225222e-02,1
6.890280517448603426e-02,5.514938538927924988e-02,-7.620431015870081370e-02,1.243495729966566030e-02,-2.480219793493422531e-02,1.040786552119099678e-01,5.639198218503316262e-02,-3.181964452202185739e-02,1
-6.586600123812422214e-02,-5.745122570453201766e-02,8.646205460819116062e-02,6.671783209329776310e-02,-1.899280373229439434e-02,5.346033934897588547e-02,1.341516201254629691e-02,5.000012114825137105e-02,1
1.085917487548294369e-01,-1.529915643093259642e-02,5.386574409114995229e-03,1.655130431993756188e-02,-7.140234585255154920e-02,-4.636254174715528920e-02,6.841159068908950203e-02,3.400506003346790568e-02,1
-7.796922276855436373e-02,2.399333429847965229e-02,5.385099611190759944e-02,-5.304279694035548415e-02,2.884096912325300605e-02,-6.183248360427028197e-03,5.917841169503919307e-02,-3.560735560752158885e-02,1
1.446830868844020332e-02,-2.286429854778390322e-02,-8.025298715353117174e-03,-1.924840346664812366e-02,1.376479081057987823e-02,-7.686415842020423439e-02,6.758060381435981867e-02,-8.909695936140346259e-03,1
-1.142834176643449245e-01,3.390771104343492937e-02,6.053189110749466334e-02,4.882872560526748534e-02,7.832366091200958225e-02,2.386831006712694311e-02,-1.084726735228487282e-01,-3.691312124980827142e-02,1
-1.442949902709706085e-02,4.159541485666259919e-02,-9.226223778926150032e-02,-3.038842115418860165e-02,3.347260064409159075e-02,3.205282936459728088e-02,1.499645642964549802e-02,5.133564552980875856e-02,1
-4.133856326036759732e-02,6.326392594218792353e-02,4.958380012662228983e-03,7.325727674763529707e-02,-2.681979227961333798e-02,4.587053459991255466e-02,6.752424930525093016e-02,-2.751695154798437098e-02,1
4.316416305946230159e-02,4.906302737999428121e-02,4.512739274460343675e-02,-5.329052603817133194e-02,2.411785528604896978e-02,2.869013566682283856e-02,-4.831943789789007460e-02,-6.506272793203145277e-02,1
1.132494621653361982e-02,1.421539736475832365e-02,-9.913776127394260951e-02,-8.272252408890791442e-02,4.342476009091145324e-04,8.674682400340182412e-03,5.815309678393907299e-03,4.251790383367141067e-03,1
7.502562649159650460e-03,-2.920010307830428822e-02,-2.951946197320012174e-05,9.596860989655517371e-02,-5.372309614817705886e-02,-6.496492421305890977e-04,1.248970092913605570e-02,-2.966763822545652116e-02,1
1.910671020264442647e-04,4.608582560713189030e-02,1.939659307082877010e-02,1.868896564231714921e-02,-9.174050714557692096e-03,2.845123764050424067e-02,-2.490449326711359490e-02,-7.669929002331446477e-02,1
-3.279694657380517742e-02,-2.687251124770210099e-03,-4.343363693406490471e-03,-3.327828175291454998e-02,-4.990158852546024149e-02,2.454886697061618803e-03,4.055572919515988695e-02,6.954311250750899731e-02,1
5.419866872430944074e-03,7.303330571139654906e-03,3.297031179393556527e-02,2.200005449677847058e-02,-1.551063227421855574e-02,3.824955548260778465e-02,1.933511745579554256e-02,3.556819266618079954e-04,1
9.424693227113536964e-02,-2.382568782531973087e-02,-1.851135090200615313e-02,-2.083137471100627441e-02,-5.073746630773748323e-02,4.007171087928525222e-02,4.179472104335078819e-02,-1.697714022328851435e-02,1
4.855810784769347410e-02,3.071320586850634360e-02,-6.351836831681058337e-02,-8.079578047503037375e-02,9.867266895675975633e-03,-6.718132659471017648e-03,3.238062158145496583e-02,4.715759754570218731e-02,1
3.710839259355551423e-02,-6.440612728006780974e-02,-4.038838316278402923e-02,-1.344481996860289429e-03,-4.585667210517884243e-03,7.463986131524116829e-02,-3.862027265072661558e-02,1.163515893208951629e-01,1
-1.054251157766503307e-02,-3.070111858238367547e-02,-5.801522112130588771e-02,-8.945787829415495496e-02,2.482715321855127888e-02,-5.353126133024495997e-02,-8.563358766100027247e-03,5.371823104016945627e-02,1
-3.789886855228206258e-02,-1.284750325921430944e-02,7.388396903885277589e-02,7.335280055067545935e-02,4.610351593275707066e-02,9.416321455752469250e-04,-3.552772930130271289e-02,5.778369347941805789e-02,1
-4.530076402961893955e-02,2.436455053968525353e-02,-1.860776185996834350e-02,-8.486602805176110542e-02,1.500524094248560300e-02,-1.514107350501603562e-02,4.728464444007248607e-02,-1.822025199020466113e-02,1
-1.370172329653964773e-02,-5.148108205685276301e-02,-6.196751950662156977e-02,-4.295610492499402772e-02,4.342347036399424320e-02,1.223131644512253924e-01,-6.770693959566341687e-03,1.203359263860439947e-02,1
1.145914295556983709e-02,4.490324300922357570e-02,9.812884641226583826e-02,-4.615123876022761765e-03,-3.549436325719142193e-02,-6.466304922353259543e-02,2.869891966258908411e-02,6.170750262628330735e-02,1
3.024547359645581805e-03,-1.990095479902734971e-02,4.061176473992730851e-02,-1.641205567528971829e-02,-8.359917382254665463e-02,3.967911924019173336e-02,9.950888807563856853e-02,7.372596971550244259e-03,1
-4.086185953122972031e-03,1.253420831996696592e-02,4.897188731281778423e-02,1.125289483186820219e-02,-1.473156968660814352e-02,1.038232756390311323e-03,-9.304999835662590771e-03,6.533430866337611165e-02,1
-6.615959940698662445e-03,-2.775847786853187157e-02,-1.281064115441846174e-01,2.931867358768478621e-02,-5.324857309570189823e-02,-1.068834656035792981e-02,-5.868798489769438964e-02,2.927594178970276476e-02,1
3.397273817824941061e-02,1.004982164127138713e-02,-6.968237117700163373e-03,-7.069774618237292807e-02,7.573723057089500055e-02,2.140002173830167498e-02,-7.630639430540366031e-02,3.816154235440178538e-02,1
3.382430879349385133e-02,1.444204940779803270e-01,7.079214814743126603e-03,1.460858252857120086e-02,5.025901301617061168e-02,6.024318134371916406e-02,-1.158338608956807209e-01,7.253678800939770965e-02,1
8.505143089788882657e-03,-2.014679786048621107e-02,-2.935139795578478594e-02,-2.578963450828587051e-02,7.444692387614709750e-02,-7.586556477748635299e-03,8.023098520460944516e-02,-2.398625536252840806e-02,1
-1.467935751127942383e-02,7.935262971780790431e-02,4.277606178235680325e-03,5.510158770893904684e-02,-8.339209161382634891e-03,1.234376936267235630e-01,-1.447609572235094011e-01,1.574632585546361253e-03,1
-5.968872765793136609e-02,-1.526720406812568168e-02,7.911318829480620818e-02,-1.188290150155287342e-02,2.562200820067837836e-02,-5.228562784383643941e-02,-6.177104524744556763e-02,-1.272064809754488643e-02,1
2.276766752741933575e-02,2.785354856232554605e-02,-8.670494659884736555e-02,-5.624511058666338548e-02,-4.203036771270452637e-02,-6.318617531995364411e-02,4.158529483638517821e-02,-1.746773685761833159e-02,1
3.960385923815161469e-02,-7.005683339690959785e-03,-6.084569240934335765e-02,-4.993482896922078751e-02,-1.282022745024596899e-02,8.029311012706555339e-03,5.211103132590993309e-02,8.665269329159601408e-02,1
6.208727451713886430e-02,3.381854214249200088e-03,6.430297442623635062e-02,1.290517175282576180e-02,1.201452951907904798e-01,1.139677726593026595e-02,5.195705151192420157e-02,-4.661539904738972243e-03,1
-4.290927656271807666e-02,-3.193925529392280249e-02,-2.978610794516929269e-02,5.318603733159232155e-02,4.128957788808358675e-02,2.028830104858047809e-02,4.776329457629587688e-02,1.024238907287572560e-02,1
-2.602542411069173195e-02,-2.274424337450139250e-02,8.575999300431137728e-02,9.392720028118417552e-03,2.507218672104794682e-02,7.049729338944690782e-02,2.554838628622245131e-02,-1.896367634223300805e-02,1
-8.911304256258600377e-04,-4.757683689277634326e-02,9.559190308648659110e-03,-1.807917982730267506e-02,2.352934835761157431e-03,-7.373436357187367063e-02,-3.310022107437976535e-02,-9.834502963256638863e-02,1
4.586947370615758468e-02,-2.751174027156649479e-02,-1.420753191892193228e-02,1.024677458651235447e-02,-4.109525544262194324e-02,-1.272291049207522305e-02,6.491561149852147217e-02,-3.444491694030175216e-02,1
-1.035834366798603877e-02,1.371447462819442437e-02,2.905480597195663362e-03,2.599519027302467020e-02,-4.800448703291747277e-02,4.042387604338808227e-02,-6.400848728262321929e-02,1.758546149974930112e-02,1
4.658490501808029011e-02,1.018942189214418204e-02,-2.427772558711112361e-02,-1.821207799912114358e-02,1.878864439874021117e-02,-6.916808489149925410e-02,2.796851606922391015e-02,-4.031711403512611841e-02,1
-1.708481880542276482e-02,-7.045253638318253742e-02,-1.968745752334865803e-02,-1.121639217926061020e-02,2.354150521211634955e-02,3.129680313470724340e-02,-6.646590660074423729e-02,-2.815970842913374447e-02,1
-1.816444242592094374e-02,7.364586755991632365e-03,-1.766050380985496535e-02,-4.918971746711925386e-02,-1.720382648136985215e-02,-4.873039624818824994e-02,7.619495230725388535e-02,1.354787361537676364e-02,1
1.146309479726851516e-01,-5.378940061624810226e-02,2.640713460633815207e-02,-2.522252541346869242e-02,3.537545007177972378e-02,3.706278850039915890e-02,-3.775907805372609449e-02,3.532028885209326230e-02,1
-2.489833966376302915e-02,-6.346536016241305887e-03,5.014883051039480816e-02,-1.143617993394997409e-02,3.369090255001697815e-02,7.135895590405391675e-02,4.615679515301247815e-02,-1.895724721003577140e-01,1
-9.182555443503548354e-02,-4.635553429029481282e-02,8.610855999739934485e-02,4.817379043395362062e-03,-1.483860054034233551e-02,-7.297951858327236807e-02,6.205085456758668155e-02,-5.339378350603786981e-03,1
4.796343032195613670e-02,-3.402559599164297482e-02,3.156020312165058045e-02,2.923922622773057062e-02,-6.561491609488012168e-03,8.465116604318832783e-03,3.331449271682094138e-03,-7.554473125342632545e-02,1
